Candidate Terms for SPDM,IEEE P3195.1 Common Core Ontology (CCO),CCO Ontology Server,IEEE P3195.1.2 Cyber Ontology,Orphan-Classes Ontology,IEEE P3195.1.2 Person-Ontology-Dev,My-Data Dictionary,FOAF Vocabulary Spec,Schema.org/Person,HL7 FHIR person profile  ,SEMIC Core Person Vocabulary ,ISA Programme Person Core Vocabulary,Cotton Data Model,Google Takeout 357,Mydex CIC,ChatGPT (Common form fields),IBV Form,Data Privacy Vocabulary (DPV),IANA (Claim Name),IANA (Claim Description),IOXIO Data Spaces,HL7 General Purpose Data Types,Privacy Engineering Repository -- Personal Data Classification,Meta,vCard,,,,,,IOXIO Core ?,DPV-PD: Extended Personal Data categories for DPV,W3C Citizenship Vocabulary,Basic Identity Schema,VDL Vocabulary,Citizenship Vocabulary,Mee Foundation Requirements,OpenID Connect Core (See 5.1),GS1 Web Vocabulary,QUDT ,ChEBI,ISO MDOC,18013-5,Grav.id,EU Wallet Person ID Data,,FL Platform 1 (Client view),Naresh,Kevin,VCARD
403,https://opensource.ieee.org/cco/CommonCoreOntologies/-/blob/master/cco-merged/MergedAllCoreOntology-v1.3-2021-03-01.ttl?expanded=true&viewer=simple,"http://www.ontologyrepository.com/CommonCoreOntologies/<enter-term, e.g., person>",, ,https://opensource.ieee.org/person-ontology-group/person-ontology-project/-/blob/master/dev/Person-Ontology-dev.ttl,MyData Dictionary,http://xmlns.com/foaf/0.1/,https://schema.org/Person,https://build.fhir.org/person.html,https://semiceu.github.io/Core-Person-Vocabulary/releases/2.00/,https://www.w3.org/ns/person,React App (cotton-data-model.vercel.app),,https://dev.mydex.org/data-schema/datasets.html,https://chat.openai.com/,https://github.com/standard-personal-data-model/Input-Data-Models/blob/main/IBV_Profile-Eng.docx,Data Privacy Vocabulary (DPV) (w3c.github.io),https://www.iana.org/assignments/jwt/jwt.xhtml?utm_source=substack&utm_medium=email,,"
https://definitions.sandbox.ioxio-dataspace.com/",Datatypes - FHIR v6.0.0-cibuild,https://github.com/olblinov/privacy-engineering-toolkit/blob/main/taxonomy/personal-data-classification.csv,Accounts Center (facebook.com),https://en.wikipedia.org/wiki/VCard,,,,,, ,DPVhttps://w3c.github.io/dpv/dpv-pd/,w3c-ccg.github.io/citizenship-vocab/ ,polygontechnology.notion.site/Basic-Identity-Schema-b32c2a0fdcf540368d82c1b6aae8a3b9,https://w3c-ccg.github.io/vdl-vocab/,https://w3c-ccg.github.io/citizenship-vocab/,,https://openid.net/specs/openid-connect-core-1_0.html,https://www.gs1.org/voc/,qudt.org,https://www.ebi.ac.uk/chebi/,https://docs.google.com/spreadsheets/d/1t-sqKfc-SZX4X59omFZ60-cXh1WxZr7q0uwWqZwMbqQ/edit?gid=1379912258#gid=1379912258,,,https://ec.europa.eu/info/law/better-regulation/have-your-say/initiatives/14340-European-Digital-Identity-Wallets-person-identification-data-and-electronic-attestations-of-attributes_en, ,,https://naresh-portfolio-three.vercel.app/,https://kevinportfolio77.netlify.app/,
,,,,,,"© MyData.org 2021
The MyData Dictionary at https://dictionary.mydata.org by MyData Operators Group at https://www.mydata.org/ is licensed under Attribution-NoDerivatives 4.0 International at https://creativecommons.org/licenses/by-nd/4.0/?ref=chooser-v1",,,,,,,,,,,,,,,,https://github.com/olblinov/privacy-engineering-toolkit/tree/main,,,,,,,, ,,,,,,,,,,,,,,,,,,,
Person,Person,https://www.ontologyrepository.com/CommonCoreOntologies/Person,,,,,Person,,,Person ,person:Person,individual,,About Me,,,,,,,,Identity.Identifier.User_ID,,,,,,,,,,,,,,,,,,,,,,,,,,,
DesignativeInformationContentEntity,,,,,,,,,,,,,,,,,,,,,,Identity.Identifier.Universal_ID,,,,,,,,,,,,,,,,,,,,,,,,,,,
DesignativeName,DesignativeName,https://www.ontologyrepository.com/CommonCoreOntologies/DesignativeName,, ,,,name,name,,,,,,"Name, Bank Name",,,,,,,,,,,,,,,,,,,,,,,,,,,,,,,,,,,
ProperName,ProperName,https://www.ontologyrepository.com/CommonCoreOntologies/propername,,,,,,,,,,,,Name,,,,,,,Human Name,,,,,,,,,,,,,,,,,,,,,,,,,,,,
AbbreviatedName,AbbreviatedName,https://www.ontologyrepository.com/CommonCoreOntologies/AbbreviatedName,,,,,,,,,,,,,,,,,,,,,,,,,,,,,,,,,,,,,,,,,,,,,,,
FamilyName,,,,,FamilyName,my-lastname,"Family Name, Surname",familyName,family,family name (surname),,,familyName,"Family Name, Surname",,,,family_name,Surname(s) or last name(s),,,,,,,,,,,,,,,,,Last Name,,,,,family_name,Family name,Family Name,,,,,,
FullName,,,,,FullName,,,name,name,"full name,",,,Names,,1. Name (first and last),,,name,Full name,Name,,,,FN,Optional,Required,Required,The formatted name string associated with the vCard object.,FN:Dr. John Doe,,,,,,,,,,,,,,,,,,,,
GivenName,,,,,GivenName,my-firstname,"givenname, firstname",givenName,given,"given name (forename),",,,givenName,First Name,,,,given_name,Given name(s) or first name(s),,,,,,,,,,,,,,,,,First Name,,,,,given_name,Given names,First Name,,,,,,
Nickname,Nickname,https://www.ontologyrepository.com/CommonCoreOntologies/nickname,, ,,,nick,additionalName,,,,,,Nickname,,,,nickname,Casual name,,,,,,,,,,,,,,,,,,,,,,,,,,,,,,
AlternateName,,,,,AlternateName,,,alternateName,,alternative name,,,,,27. Social media handles or links,,,also_known_as,"Stage name, religious name or any other type of alias/pseudonym with which a person is known in a specific context besides its legal name. This must be part of the applicable legislation and thus the trust framework (e.g., be an attribute on the identity card).",,,Identity.Contact.Alias,,,,,,,,,,,,,,,,,,,,,,,,,,,
UserIdenitifier,,,UserIdenitifier,,,,accountName,,,,,,accountName,Account Name,,,,preferred_username,Shorthand name by which the End-User wishes to be referred to,,,,,,,,,,,,,,,,,,,,,,,,,,,,,,
AdditionalName,,,,,AdditionalName,,,,,,,,,Middle Name,,,,middle_name,Middle name(s),,,,,,,,,,,,,,,,,,,,,,,,,,,,,,
Salutation,,,,,Salutation,my-salutation,title,honorificPrefix,,,,,,Title,,,,"salutation, title","End-User's salutation, e.g., ""Mr.""",,,,,,,,,,,,,,,,,,,,,,,,,,,,,,
matronymic name,,,,,matronymic name,,,,," matronymic name,",,,,,,,,,,,,,,,,,,,,,,,,,,,,,,,,,,,,,,,
patronymic name,,,,,patronymic name,,,,," patronymic name,",person:patronymicName,,,,,,,,,,,,,,,,,,,,,,,,,,,,,,,,,,,,,,
MaidenName,,,,,MaidenName,,,,,,,,,Maiden Name,,,,,,,,,,,,,,,,,,,,,,,,,,,,,,,,,,,
Birthname,,,,,Birthname,,,,,birth name,person:birthName,,,,,,,,,,,,,,,,,,,,,,,,,,,,,,,,,,,,,,
(Not candidate at this time)(Can be added if requirements emerge), ,,,,,,,,,,,,,,,,,birth_family_name,"Family name(s) someone has when they were born, or at least from the time they were a child. This term can be used by a person who changes the family name(s) later in life for any reason. Note that in some cultures, people can have multiple family names or no family name; all can be present, with the names being separated by space characters.",,,,,,,,,,,,,,,,,,,,,,,,,,,,,,
(Not candidate at this time)(Can be added if requirements emerge), ,,,,,,,,,,,,,,,,,birth_given_name,"Given name(s) someone has when they were born, or at least from the time they were a child. This term can be used by a person who changes the given name later in life for any reason. Note that in some cultures, people can have multiple given names; all can be present, with the names being separated by space characters.",,,,,,,,,,,,,,,,,,,,,,,,,,,,,,
(Not candidate at this time)(Can be added if requirements emerge), ,,,,,,,,,,,,,,,,,birth_middle_name,"Middle name(s) someone has when they were born, or at least from the time they were a child. This term can be used by a person who changes the middle name later in life for any reason. Note that in some cultures, people can have multiple middle names; all can be present, with the names being separated by space characters. Also note that in some cultures, middle names are not used.",,,,,,,,,,,,,,,,,,,,,,,,,,,,,,
callSign,,,,,callSign,,,callSign,,,,,,,,,,,,,,,,,,,,,,,,,,,,,,,,,,,,,,,,,
(Not candidate at this time), ,,,,,,,,phonetic,,,phonetic name,,,,,,,,,,,,,,,,,,,,,,,,,,,,,,,,,,,,,
telephonenumber,,,,TelephoneNumber,,,,telephone,phone,,,,Phone number,"Telephone Number, mobile phone",3. Phone number,,,msisdn,End-User's mobile phone number formatted according to ITU-T recommendation [E.164],,,,,,,,,,,,,,,,,,,,,,,,,,,,,,
FacsimileMachine,,,,FacsimileMachine,,,,,,,,,,,,,,,,,,,,,,,,,,,,,,,,,,,,,,,,,,,,,
FacsimileMachineNumber, ,,,FacsimileMachineNumber; ,,my-employerfax,,faxNumber,,,,,"fax, home fax, company fax",,,,,,,,,,,,,,,,,,,,,,,,,,,,,,,,,,,,
emailAddress,,,,emailaddress,,my-email,mbox,email,email,,,,Email,Email Address,2. Email,,,,,,,,,,,,,,,,,,,,,email,,,,,,,Email address,,,,,,
YearIdentifier,YearIdentifier,https://www.ontologyrepository.com/CommonCoreOntologies/dateidentifier,,,,,,,,,,,,,,,,,,,,,,,,,,,,,,,,,,,,,,,,,,,,,,,
CalendarDateIdentifier,DateIdentifier,https://www.ontologyrepository.com/CommonCoreOntologies/calendardateidentifier,,,,,,,,,,,,"Date From, Valid From, Date To",14. Date field (for entering a specific date),,,,,,,,,,,,,,,,,,,,,,,,,,"portrait_cap-
 ture_date",Portrait image timestamp,,,,,,,
MonthIdentifier,monthidentifier,https://www.ontologyrepository.com/CommonCoreOntologies/monthidentifier,,,,,,,,,,,,,,,,,,,,,,,,,,,,,,,,,,,,,,,,,,,,,,,
WeekIdentifier,WeekIdenifier,https://www.ontologyrepository.com/CommonCoreOntologies/weekidentifier,,,,,,,,,,,,,,,,,,,,,,,,,,,,,,,,,,,,,,,,,,,,,,,
CalendarDay,CalendarDay,https://www.ontologyrepository.com/CommonCoreOntologies/calendarday,, ,,,,,,,,,,,,,,,,,,,,,,,,,,,,,,,,,,,,,,,,,,,,,
CalendarWeek,CalendarWeek,,,,,,,,,,,,,,,,,,,,,,,,,,,,,,,,,,,,,,,,,,,,,,,,
CalendarMonth,CalendarMonth,,,,,,,,,,,,,,,,,,,,,,,,,,,,,,,,,,,,,,,,,,,,,,,,
CalendarYear,CalendarYear,,,,,,,,,,,,,,,,,,,,,,,,,,,,,,,,,,,,,,,,age_birth_ year,Age attestation: In what year were you born?,,,,,,,
Automobile,Automobile,,,,,,,,,,,,,,,,,,,,,,,,,,,,,,,,,,,,,,,,,,,,,,,,
AutomobileModelGeneration, ,,,AutomobileModelGeneration, ,,,,,,,,,,,,,,,,,,,,,,,,,,,,,,,,,,,,,,,,,,,,
VehicleIdentificationNumber, ,,,VehicleIdentificationNumber, ,,,,,,,,,,,,,,,,,,,,,,,,,,,,,,,,,,,,,,,,,,,,
MeasurementInformationContentEntity,MeasurementInformationContentEntity,https://www.ontologyrepository.com/CommonCoreOntologies/MeasurementInformationContentEntity,, ,,,,,,,,,Notes,"Notepad Content, Notes",,,,,Notes,"Notepad Content, Notes",,,,,,,,,,,,,,,,,,,,,,,,,,,,,
AgeMeasurement ,,,,,AgeMeasurement,,,,,,,,,,,Age,,,,,,Identity.Attribute.Age,,,,,,,,,,,,,,,,,,,,,,,,,,,
AutomobileModel,,,,AutomobileModel,,,,,,,,,,,,,,,,,,,,,,,,,,,,,,,,,,,,,,,,,,,,,
AutomobileTrimLevel, ,,,AutomobileTrimLevel,,,,,,,,,,,,,,,,,,,,,,,,,,,,,,,,,,,,,,,,,,,,,
CodeIdentifier,CodeIdentifier,https://www.ontologyrepository.com/CommonCoreOntologies/CodeIdentifier,,,,,,identifier,identifier," Identifier, Notation",,,Password,"Account Number, Sort Core, Employee ID, Social Care ID, Room Number",7. Password,,,,,,Identifier,,,,,,,,,,,,,,,,,,,,"document_
 number",Licence number,,,,,,,
PostalZone,,,,PostalZone,,,,,,,,,,,,,,,,,,,,,,,,,,,,,,,,,,,,,,,,,,,,,
PostalCode,,,,PostalCode,,,,,,post code,,,,Post Code,,,,,,,,,,,,,,,,,,,,,,,,,,,resident_ postal_code,Resident postal code,,,,,,,postal-code
GeospatialRegion,GeospatialRegion,,,,,,,,,,,,,,,Geographical area,,locale,Locale,,,,,,,,,,,,,,,,,,,,,,,,,,,,,,
GeospatialLocation,GeospatialLocation,,,,,,,GeospatialLocation,,Location ,,location,,Place of Activity,,,,,,,,"Location.Precise_location,
Location.Approximate_location",,,,,,,,,,,,,,,,,,,,,,,,,,,
(Not candidate at this time)(Will address when requirments surface).) , ,,,,,,,globalLocationNumber,,,,,,,,,,,,,,,,,,,,,,,,,,,,,,,,,,,,,,,,,
(Not candidate at this time)(Intersection of GeospatialLocation + CodeIdentifier), ,,,,,,,,,"geographic identifier, geogrphic name",,,,,,,,,,,,,,,,,,,,,,,,,,,,,,,,,,,,,,,
SocialSecurityNumber,,,,,SocialSecurityNumber,,,,,,,,,,,,,,,,,,,,,,,,,,,,,,,,,,,,,,,,,,,,
ActOfInhabitancy,ActOfInhabitancy,https://www.ontologyrepository.com/CommonCoreOntologies/actofInhabitancy,,,,,,,,,,,,,,,,,,,,,,,,,,,,,,,,,,,,,,,,,,,,,,,
Birth,cco:Birth,http://www.ontologyrepository.com/CommonCoreOntologies/birth,,,,,,,,,,,,,,,,,,,,,,,,,,,,,,,,,,,,,,,,,,,,,,,
Birthdate,,,,,Birthdate,my-birthdate,,birthDate,birthdate,"date of birth,",,,,Birth-Details: Date of Birth,5. Date of birth,,,birthdate,Birthday,,,,,,,,,,,,,,,,,,,,,,birth_date,Date of birth,,,,,,,
BiologicalSex,BiologicalSex,https://www.ontologyrepository.com/CommonCoreOntologies/biologicalsex,,, , ,,,,,,,,Sex,,,,,,,,,,,,,,,,,,,,,,,,,,,,,,,,,,,
femalesex,femaleSex,https://www.ontologyrepository.com/CommonCoreOntologies/femalesex,,, ,,,,,,,,,,,,,,,,,,,,,,,,,,,,,,,,,,,,,,,,,,,,
malesex,malesex,https://www.ontologyrepository.com/CommonCoreOntologies/malesex,,, ,,,,,,,,,,,,,,,,,,,,,,,,,,,,,,,,,,,,,,,,,,,,
(Not candidate at this time)(Will address when time and participation enable consensus on definition.) , ,,,,,my-gender,,gender,gender,"gender,",,, ,"Gender, Gender at Birth",6. Gender,,,gender,Gender,,,Identity.Attribute.Gender,Gender,,,,,,,,,,,,,,,,,,gender,Gender,,,,,,,
"(Not candidate at this time)(Not aware of any formal and accepted list of nationalities. Too subject to interpretation. Instead, see Country) ", ,,,,,my-nationality,,nationality,,,,, ,Birth-Details: Nationality; Passport: Nationality,,Nationality,,nationalities,String array representing the End-User's nationalities.,,,,,,,,,,,,,,,,,,,,,,,,,,,,,,
PostOfficeBoxNumber, ,,,PostOfficeBoxNumber,,,,,,post office box,,,,,,,,,,,,,,,,,,,,,,,,,,,,,,,,,,,,,,,post-office-box (PO Box number)(PO Box)
PostalAddress,,,,PostalAddress,,,,address,address,"full address, address",,,Postal address,Branch Address Country,"4. Address (street, city, state/province, zip/postal code)", ,,,,Address,Address,,,ADR,Optional,Optional,Optional,A structured representation of the physical delivery address for the vCard object.,ADR;TYPE=home:;;123 Main St.;Springfield;IL;12345;USA,,,,,,,,,,,,resident_address,Permanent place of residence,,,,,,,
Country ,Country,https://www.ontologyrepository.com/CommonCoreOntologies/country,,Add list of countries,,my-mailingcountry, , ,address-country, administrative unit level 1 (country),,,"Home: country_code ""US""",Branch Address Country,,List of countries,,,,,,,,,,,,,,,,,,,,,,,,,"issuing_country, nationality","Issuing country, nationality",,,,,,,country-name
FirstOrderAdministrativeRegion (State),FirstOrderAdministrativeRegion,https://www.ontologyrepository.com/CommonCoreOntologies/FirstOrderAdministrativeRegion, ,,,my-mailingstate,,,address-state,"administrative unit level 2 (Country, regions, state)",,,,,,,,,,,,,,,,,,,,,,,,,,,,,,,resident_state,Resident state/province/district,,,,,,,Region (IL)
SecondOrderAdministrativeRegion (City),SecondOrderAdministrativeRegion,ontologyrepository.com/CommonCoreOntologies/SecondOrderAdministrativeRegion, ,,,my-mailingcity,, ,address-city," post name (city), jurisdiciton",,,,Town,,,,,,,,,,,,,,,,,,,,,,,,,,,resident_city,Resident city,,,,,,,locality(City)
ThirdOrderAdministrativeRegion (Street),ThirdOrderAdministrativeRegion,ontologyrepository.com/CommonCoreOntologies/ThirdOrderAdministrativeRegion, ,,,my-mailingstreet,,,,,,,,"Contact Address Street, Street",,,,,,,,,,,,,,,,,,,,,,,,,,,,,,,,,,,street-address (Street number + street name)(Address Line 1)
FourthOrderAdministrativeRegion,FourthOrderAdministrativeRegion,ontologyrepository.com/CommonCoreOntologies/ForthOrderAdministrativeRegion, ,,,,,,,locator designator,,,,,,,,,,,,,,,,,,,,,,,,,,,,,,,,,,,,,,,extended-address (Apt/Suite/Unit/Floor)(Address Line 2)
LocatorName,,,,LocatorName,,,,,,locator name,,,,,,,,,,,,,,,,,,,,,,,,,,,,,,,,,,,,,,,
AddressID,,,,AddressID,,,,,,"address ID,",,,,,,,,,,,,,,,,,,,,,,,,,,,,,,,,,,,,,,,
LocalAdministrativeRegion,LocalAdministrativeRegion,https://www.ontologyrepository.com/CommonCoreOntologies/LocalAdministrativeRegion,, ,,,,,,,,,,,,,,,,,,,,,,,,,,,,,,,,,,,,,,,,,,,,,
City,City,https://www.ontologyrepository.com/CommonCoreOntologies/city,, ,,,,,,,,,,Town,,,,,,,,,,,,,,,,,,,,,,,,,,,,,,,,,,,
BirthPlace,,,,,BirthPlace,,,birthPlace,,"place of birth,",person:placeOfBirth,,,"Birth-Details: Town, Place Of Birth",,,,place_of_birth,A structured Claim representing the End-User's place of birth.,,,,,,,,,,,,,,,,,,,,,,birth_place,Place of birth,,,,,,,
CountryofBirth,,,,,CountryofBirth,,,,,country of birth,person:countryOfBirth,,,Birth-Details: Country,,Country of origin,,,,,,,,,,,,,,,,,,,,,,,,,,,,,,,,,
LandlineTelephone,LandlineTelephone,https://www.ontologyrepository.com/CommonCoreOntologies/landlinetelephone,,,,my-homephonenumber,,,,,,,Home Phone,Home Phone,,,,,,,,,,,,,,,,,,,,,,,,,,,,,,,,,,,
mobiletelephone,mobiletelephone,https://www.ontologyrepository.com/CommonCoreOntologies/mobiletelephone,,,,my-mobilephonenumber, ,,,,,,phone,,,,,,,,,,,,,,,,,,,,,,,,,,,,,,,,,,,,
OccupationRole,OccupationRole,https://www.ontologyrepository.com/CommonCoreOntologies/occupationrole,,,,my-employername,,hiringOrganization,,,,,,Dataset: Employer,,Employment/occupation status w Choices,,,,,,,,,,,,,,,,,,,,,,,,,,,,,,,,,
ActOfEmployment,ActOfEmployment,,,,,,,,,,,,,,,,,,,,,,,,,,,,,,,,,,,,,,,,,,,,,,,,
EmployeeRole,,,,,EmployeeRole,,,"employee, worksFor",,,,,,Employee ID,,,,,,,,,,,,,,,,,,,,,,,,,,,,,,,,,,,
ActOfLabor,,,,,ActOfLabor,,,hasOccupation,,,,,,,24. Employment history,,,,,,,,,,,,,,,,,,,,,,,,,,,,,,,,,,
(Not candidate at this time)(await specific requirements), ,,,,,,,,,,,,,,,Have you worked shifts?,,,,,,,,,,,,,,,,,,,,,,,,,,,,,,,,,
(Not candidate at this time)(await specific requirements), ,,,,,my-employeetitle,,jobTitle,,,,,Job Title,Job Title,,,,,,,,,,,,,,,,,,,,,,,,,,,,,,,,,,,
"(Not candidate at this time)(Later when time permits, unless a standard already exists?)", ,,,,,my-employerindustry, ,,,,,,,,,,,,,,,,,,,,,,,,,,,,,,,,,,,,,,,,,,
(Not candidate at this time), ,,,,,my-employerstreet, ,,,,,,,,,,,,,,,,,,,,,,,,,,,,,,,,,,,,,,,,,,
(Not candidate at this time), ,,,,,my-employercity, ,,,,,,,,,,,,,,,,,,,,,,,,,,,,,,,,,,,,,,,,,,
(Not candidate at this time), ,,,,,my-employerstate, ,,,,,,,,,,,,,,,,,,,,,,,,,,,,,,,,,,,,,,,,,,
(Not candidate at this time), ,,,,,my-employerpostcode, ,,,,,,,,,,,,,,,,,,,,,,,,,,,,,,,,,,,,,,,,,,
(Not candidate at this time), ,,,,,my-employerphone, ,,,,,,,,,,,,,,,,,,,,,,,,,,,,,,,,,,,,,,,,,,
IntercommunicationSystem,IntercommunicationSystem,,,,,my-communicationChannels, ,,,,,,,,,,,,,,,,,,,,,,,,,,,,,,,,,,,,,,,,,,
ActionPermission,ActionPermission,https://www.ontologyrepository.com/CommonCoreOntologies/ActionPermission,, ,,my-permissions, ,,,,,,,,,,,,,,,,,,,,,,,,,,,,,,,,,,,,,,,,,,
ActionRegulation,ActionRegulation,https://www.ontologyrepository.com/CommonCoreOntologies/actionregulation,, ,,,,,,,,,,,,,,,,,,,,,,,,,,,,,,,,,,,,,,,,,,,,,
Artifact,Artifact,,,,,my-productsAndServices, ,,,,,,,,,,,,,,,,,,,,,,,,,,,,,,,,,,,,,,,,,,
ServiceArtifactFunction,ServiceArtifactFunction,,,,,my-productsAndServices,,,,,,,,Service,,,,,,,,,,,,,,,,,,,,,,,,,,,,,,,,,,,
ServiceProvider,ServiceProvider,,,,,,,provider,,,,,,,,,,,,,,,,,,,,,,,,,,,,,,,,,,,,,,,,,
Agent,Agent,https://www.ontologyrepository.com/CommonCoreOntologies/agent,, ,,,Agent,,,Agent,,,,,,,,,,,,,,,,,,,,,,,,,,,,,,,,,,,,,,,
GroupOfAgents,GroupOfAgents,https://www.ontologyrepository.com/CommonCoreOntologies/groupofagents,,,,,Group,homeTeam,,,,,,,Groups,,,groups,Groups,,,,,,,,,,,,,,,,,,,,,,,,,,,,,,
artifact,Artifact,https://www.ontologyrepository.com/CommonCoreOntologies/artifact,,,,,,,,,,,,,,,,,,,,,,,,,,,,,,,,,,,,,,,,,,,,,,,
ArtifactFunction,ArtifactFunction,https://www.ontologyrepository.com/CommonCoreOntologies/artifactfunction,,,,,,,,,,,,,,,,,,,,,,,,,,,,,,,,,,,,,,,,,,,,,,,
Webpage,,,WebPage,,,,,,,,,,,,,,,,,,,,,,,,,,,,,,,,,,,,,,,,,,,,,,
Website,,,Website,,,,,,,,,,,Website,28. Website or blog URL,,,website,Web page or blog URL,,,,,,,,,,,,,,,,,,,,,,,,,,,,,,
SocialNetworkingSite, ,,SocialNetworkingSite,,,,,,,,,,,,,,,,,,,,,,,,,,,,,,,,,,,,,,,,,,,,,,
InternetForum,,,InternetForum,,,,,,,,,,,,,,,,,,,,,,,,,,,,,,,,,,,,,,,,,,,,,,
(Not candidate at this time)(Covered by WebSite), ,,,,,,homepage,,,,,,,,,,,,,,,,,,,,,,,,,,,,,,,,,,,,,,,,,,
UniformResourceLocator (URL), ,,UniformResourceLocator,,,,,url,,,,,,,28. Website or blog URL,,,website,Web page or blog URL,,,,URL,,,,,,,,,,,,,,,,,,online_url_ xxxx,Online URL,,,,,,,
WebBrowser,,,WebBrowser,,,,,,,,,,,,,,,,,,,,,,,,,,,,,,,,,,,,,,,,,,,,,,
(Not candidate at this time), ,,,,,,mbox_sha1sum,,,,,,,,,,,,,,,,,,,,,,,,,,,,,,,,,,,,,,,,,,
(Not candidate at this time), ,,,,,,depiction,,,,,,,,,,,,,,,,,,,,,,,,,,,,,,,,,,,,,,,,,,
(Not candidate at this time), ,,,,,,depicts,,,,,,,,,,,,,,,,,,,,,,,,,,,,,,,,,,,,,,,,,,
Blog,,,,Blog,,,weblog,,,,,,,,,,,,,,,,,,,,,,,,,,,,,,,,,,,,,,,,,,
Act,Act,https://www.ontologyrepository.com/CommonCoreOntologies/act,,,,,,,,,,,,,,,,,,,,,,,,,,,,,,,,,,,,,,,,,,,,,,,
IntentionalAct,Intentional Act,https://www.ontologyrepository.com/CommonCoreOntologies/Intentionalact,,,,,,,,,,,,,,,,,,,,,,,,,,,,,,,,,,,,,,,,,,,,,,,
ActOfPlanning,ActOfPlanning,,,,,,,potentialAction,,,,,,,,,,,,,,,,,,,,,,,,,,,,,,,,,,,,,,,,,
(Not candidate at this time)(FOAF Plan file is too unstructured), ,,,,,,plan,,,,,,,,,,,,,,,,,,,,,,,,,,,,,,,,,,,,,,,,,,
(Not candidate at this time), ,,,,,,based_near,,,,,,,,,,,,,,,,,,,,,,,,,,,,,,,,,,,,,,,,,,
(Not candidate at this time), ,,,,,,workplaceHomepage,,,,,,,,,,,,,,,,,,,,,,,,,,,,,,,,,,,,,,,,,,
(Not candidate at this time), ,,,,,,workInfoHomepage,,,,,,,,,,,,,,,,,,,,,,,,,,,,,,,,,,,,,,,,,,
(Not candidate at this time), ,,,,,,schoolHomepage,,,,,,,,,,,,,,,,,,,,,,,,,,,,,,,,,,,,,,,,,,
(Not candidate at this time)(lower priority; multiple forms),ActOfPublishingMassMediaArticle,,,,,,publications,"publisher, publishing principles",,,,journals,,,,,,,,,,,,,,,,,,,,,,,,,,,,,,,,,,,,,
(Not candidate at this time), ,,,,,,geekcode,,,,,,,,,,,,,,,,,,,,,,,,,,,,,,,,,,,,,,,,,,
(Not candidate at this time), ,,,,,,myersBriggs,,,,,,,,,,,,,,,,,,,,,,,,,,,,,,,,,,,,,,,,,,
(Not candidate at this time), ,,,,,,dnaChecksum,,,,,,,,,,,,,,,,,,,,,,,,,,,,,,,,,,,,,,,,,,
UserAccount,,,User Account,,,,OnlineAccount,,,,,,,Account Number,,,,,,,,,,,,,,,,,,,,,,,,,,,,,,,,,,,
(Not candidate at this time)(covered by UserAccount), ,,,,,,OnlineChatAccount,,,,,,,,,,,,,,,Content.Gameplay_content,,,,,,,,,,,,,,,,,,,,,,,,,,,
(Not candidate at this time)(Too vague), ,,,,,,OnlineEcommerceAccount,,,,,,,,,,,,,,,,,,,,,,,,,,,,,,,,,,,,,,,,,,
(Not candidate at this time)(covered by UserAccount), ,,,,,,OnlineGamingAccount,,,,,,,,,,,,,,,,,,,,,,,,,,,,,,,,,,,,,,,,,,
ActOfOwnership,ActOfOwnership,https://www.ontologyrepository.com/CommonCoreOntologies/actofownership,,,,,holdsAccount,owns,,,,,,,,,,,,,,,,,,,,,,,,,,,,,,,,,,,,,,,,,
Possess,ActofPossession,https://www.ontologyrepository.com/CommonCoreOntologies/actofpossession,,,,,,,,,,,,,,,,,,,,,,,,,,,,,,,,,,,,,,,,,,,,,,,
(Not candidate at this time), ,,,,,,accountServiceHomepage,,,,,,,,,,,,,,,,,,,,,,,,,,,,,,,,,,,,,,,,,,
(Not candidate at this time), ,,,,,,icqChatID,,,,,,,,,,,,,,,,,,,,,,,,,,,,,,,,,,,,,,,,,,
(Not candidate at this time), ,,,,,,msnChatID,,,,,,,,,,,,,,,,,,,,,,,,,,,,,,,,,,,,,,,,,,
(Not candidate at this time), ,,,,,,aimChatID,,,,,,,,,,,,,,,,,,,,,,,,,,,,,,,,,,,,,,,,,,
(Not candidate at this time), ,,,,,,jabberID,,,,,,,,,,,,,,,,,,,,,,,,,,,,,,,,,,,,,,,,,,
(Not candidate at this time), ,,,,,,yahooChatID,,,,,,,,,,,,,,,,,,,,,,,,,,,,,,,,,,,,,,,,,,
Organization,Organization,https://www.ontologyrepository.com/CommonCoreOntologies/organization,,,,,Organization,,,,,,,"Host Organisation, Establishment Name (Educational)",,,,,,,,,,,,,,,,,,,,,,,,,,,,,,,,,,,
(Not candidate at this time), ,,,,,,,,,,,,,Type,,,,,,,,,,,,,,,,,,,,,,,,,,,,,,,,,,,
ActOfSocialGroupMembership,ActOfSocialGroupMembership,ontologyrepository.com/CommonCoreOntologies/ActOfSocialGroupMembership,, ,,,member,"member, musicgroupmember",,,,,Group Memberships,Groups,,Membership in Sports Club,,,,,,,,,,,,,,,,,,,,,,,,,,,,,,,,,
(Not candidate at this time), ,,,,,,membershipClass,,,,,,,Community Membership Preferences,,,,,,,,,,,,,,,,,,,,,,,,,,,,,,,,,,,
ActOfFunding,ActOfFunding,,,,,,fundedBy,"funding, funder, fundedItem",,,,,,,,,,,,,,,,,,,,,,,,,,,,,,,,,,,,,,,,,
sponsor,,,,sponsor,,,,sponsor,,,,,,,,,,,,,,,,,,,,,,,,,,,,,,,,,,,,,,,,,
(Not candidate at this time), ,,,,,,,grantee,,,,,,,,,,,,,,,,,,,,,,,,,,,,,,,,,,,,,,,,,
Document,Document,,,,,,"Document, page",,,,,,,,,,,,,,,Content.Docs,,,,,,,,,,,,,,,,,,,,,,,,,,,
DocumentForm,DocumentForm,,,,,,,,,,,,,,,,,,,,,,,,,,,,,,,,,,,,,,,,,,,,,,,,
DocumentField,DocumentField,,,,,,,,,,,,,,,,,,,,,,,,,,,,,,,,,,,,,,,,,,,,,,,,
(Not candidate at this time), ,,,,,,"topic , theme, primaryTopic",,,,,,,,,,,,,,,,,,,,,,,,,,,,,,,,,,,,,,,,,,
(Not candidate at this time)(Will be hard to itemize and gain consensus.  Context driven. ), ,,,,,my-buyingInterests,topic_interest,seeks,,,,,,,29. Interests or hobbies,,,,,,,,,,,,,,,,,,,,,,,,,,,,,,,,,,
Image,Image,,,,,,"Image, img",,,,,,Photo,,17. Image upload (for uploading images specifically), ,,,,,,Content.Photos,,,,,,,,,,,,,,,,,,,,,,,,,,,
ThumbnailImage,,,,ThumbnailImage,,,thumbnail,,,,,,,,,,,,,,,,,,,,,,,,,,,,,,,,,,,,,,,,,,
(Not candidate at this time)(vague.  Will be hard to standardize), ,,,,,,,,,,,,Personal Email; Work Email,,,,,,,,,,,,,,,,,,,,,,,,,,,,,,,,,,,,
(Not candidate at this time)(Composed of various parts.  Will be hard to sandardize), ,,,,,,PersonalProfileDocument,,,,,,"Profile, Profile Photo",,,,,profile,Profile page URL,,,,,,,,,,,,,,,,,,,,,,,,,,,,,,
ProfilePicture,,,,,ProfilePicture,,,,,,,,"Profile, Profile Photo",,,,,picture,Profile picture URL,,,,,,,,,,,,,,,,,,,,,,portrait,Portrait of mDL Holder,,,,,,,
(Not candidate at this time), ,,,,,,tipjar,,,,,,,,,,,,,,,,,,,,,,,,,,,,,,,,,,,,,,,,,,
(Not candidate at this time), ,,,,,,sha1,,,,,,,,,,,,,,,,,,,,,,,,,,,,,,,,,,,,,,,,,,
ActOfManufacturing,ActOfManufacturing,,,,,,"maker, made",,,,,,,,,,,,,,,,,,,,,,,,,,,,,,,,,,,,,,,,,,
logo,,,,logo,,,logo,,,,,,,,,,,,,,,,,,,,,,,,,,,,,,,,,,,,,,,,,,
ActOfAssociation,ActOfAssociation,,,,,,,"affiliation, colleague",,,,,Organization associated with,,,,,,,,,,,,,,,,,,,,,,,,,,,,,,,,,,,,
(Not candidate at this time)(This object property will be addressed later), ,,,,,,,alumniOf,,,,,,,,,,,,,,,,,,,,,,,,,,,,,,,,,,,,,,,,,
(Not candidate at this time), ,,,,,,,award,,,,,,,,,,,,,,,,,,,,,,,,,,,,,,,,,,,,,,,,,
Brand,,,,Brand,,,,brand,,,,,,,,,,,,,,,,,,,,,,,,,,,,,,,,,,,,,,,,,
"(Not candidate at this time)(is_child_of is an object property in CCO, but not a class)",is_child_of,,,,,,,children,,,,,,No of Children,,Child (ren),,,,,,,,,,,,,,,,,,,,,,,,,,,,,,,,,
death,death,,,,,,,,"death-date, deceased",,,,,,,,,,,,,,,,,,,,,,,,,,,,,,,,,,,,,,,,
PlaceofDeath,,,,,PlaceofDeath,,,deathPlace,,"place of death,","person:placeOfDeath, person:countryOfDeath",,,,,,,,,,,,,,,,,,,,,,,,,,,,,,,,,,,,,,
(Not candidate at this time), ,,,,,,,duns,,,,,,,,,,,,,,,,,,,,,,,,,,,,,,,,,,,,,,,,,
ActOfFollowing,,,,,ActOfFollowing,,,follows,,,,,,,,,,,,,,,,,,,,,,,,,,,,,,,,,,,,,,,,,
Certificate,Certificate,,,,,,,hasCredential,,,,,,Date of qualification certificate,,,,,Verifiable Credential as specified in the W3C Recommendation,,,,,,,,,,,,,,,,,,,,,,,,,,,,,,
VerifiableCredential, ,,,VerifiableCredential,,,,,,,,,,,,,,,,,,,,,,,,,,,,,,,,,,,,,,,,,,,,,
(Not candidate at this time), ,,,,,,,hasOfferCatalog,,,,,,,,,,,,,,,,,,,,,,,,,,,,,,,,,,,,,,,,,
(Not candidate at this time), ,,,,,,,hasPOS,,,,,,,,,,,,,,,,,,,,,,,,,,,,,,,,,,,,,,,,,
Height,Height,,,,,,,height,,,,,,,,Height,,,,height,,,,,,,,,,,,,,,,,,,,,height,Height (cm) a,,,,,,,
Suffix,,,,,Suffix,,,,,,,,,Suffix,,,,,,,,,,,,,,,,,,,,,,,,,,,,,,,,,,,
HonorificSuffix,,,,,HonorificSuffix,,,honorificSuffix,,,,,,,,,,,,,,,,,,,,,,,,,,,,,,,,,,,,,,,,,
(Not candidate at this time)(Can be added if requirements emerge), ,,,,,,,interactionStatistic,,,,,,,,,,,,,,,,,,,,,,,,,,,,,,,,,,,,,,,,,
(Not candidate at this time), ,,,,,,,isicV4,,,,,,,,,,,,,,,,,,,,,,,,,,,,,,,,,,,,,,,,,
(Not candidate at this time), ,,,,,,,knowsAbout,,,,,,,,,,,,,,,,,,,,,,,,,,,,,,,,,,,,,,,,,
(Not candidate at this time)(Can be added if requirements emerge), ,,,,,,,naics,,,,,,,,,,,,,,,,,,,,,,,,,,,,,,,,,,,,,,,,,
NetWorth,,,,,NetWorth,,,netWorth,,,,,,,,,,,,,,,,,,,,,,,,,,,,,,,,,,,,,,,,,
(Not candidate at this time)(In CCO but not a class),is_parent_of,,,,,,,parent,,,,,,,,,,,,,,,,,,,,,,,,,,,,,,,,,,,,,,,,,
family,Family,,,,,,,,,,,,,,,Family,,,,,,,,,,,,,,,,,,,,,,,,,,,,,,,,,
(Not candidate at this time)(In CCO but not a class),has_familial_relationship_to,,,,,,,relatedTo,relatedperson,,,,,,,,,,,,,,,,,,,,,,,,,,,,,,,,,,,,,,,,
(Not candidate at this time)(In CCO but not a class),is_sibling_of,,,,,,,sibling,,,,,,,,,,,,,,,,,,,,,,,,,,,,,,,,,,,,,,,,,
(Not candidate at this time)(In CCO but not a class),is_spouse_of,,,,,,,spouse,,,,,,,,,,,,,,,,,,,,,,,,,,,,,,,,,,,,,,,,,
Tax,,,,Tax,,,,taxID,,,,,Council Tax Band,"tax, Council Tax Band",,,,,,,,,,,,,,,,,,,,,,,,,,,,,,,,,,,
ValueAddedTax,,,,ValueAddedTax,,,,vatID,,,,,,,,,,,,,,,,,,,,,,,,,,,,,,,,,,,,,,,,,
Weight,Weight,,,,,,,weight,,,,,,,,Weight,,,,,,,,,,,,,,,,,,,,,,,,,weight,Weight (kg) a,,,,,,,
(Not candidate at this time), ,,,,,,,Properties from Thing,,,,,,,,,,,,,,,,,,,,,,,,,,,,,,,,,,,,,,,,,
(Not candidate at this time), ,,,,,,,additionalType,,,,,,,,,,,,,,,,,,,,,,,,,,,,,,,,,,,,,,,,,
(Not candidate at this time), ,,,,,,,description,,,,,,About Me,,,,,,,,,,,,,,,,,,,,,,,,,,,,,,,,,,,
(Not candidate at this time), ,,,,,,,disambiguatingDescription,,,,,,,,,,,,,,,,,,,,,,,,,,,,,,,,,,,,,,,,,
(Not candidate at this time), ,,,,,,,sameAs,,,,,,,,,,,,,,,,,,,,,,,,,,,,,,,,,,,,,,,,,
"(Not candidate at this time)(Object Property, not a class)",is_subject_of,,,,,,,subjectOf,,,,,,,,,,,,,,,,,,,,,,,,,,,,,,,,,,,,,,,,,
(Not candidate at this time), ,,,,,,,accountablePerson,,,,,,,,,,,,,,,,,,,,,,,,,,,,,,,,,,,,,,,,,
(Not candidate at this time)(Do when time), ,,,,,,,acquiredFrom,,,,,,,,,,,,,,,,,,,,,,,,,,,,,,,,,,,,,,,,,
ActOfBuying,ActOfBuying,,,,,my-buyingInterests,,,,,,,,,,Buy organic products?,,,,,,,,,,,,,,,,,,,,,,,,,,,,,,,,,
shop,shop,,,,,,,,,,,,,,,,,,,,,,,,,,,,,,,,,,,,,,,,,,,,,,,,
(Not candidate at this time), ,,,,,,,actor,,,,,,,,,,,,,,,,,,,,,,,,,,,,,,,,,,,,,,,,,
(Not candidate at this time), ,,,,,,,byArtist,,,,,,,,,,,,,,,,,,,,,,,,,,,,,,,,,,,,,,,,,
(Not candidate at this time), ,,,,,,,candidate,,,,,,,,,,,,,,,,,,,,,,,,,,,,,,,,,,,,,,,,,
(Not candidate at this time), ,,,,,,,ccRecipient,,,,,,,,,,,,,,,,,,,,,,,,,,,,,,,,,,,,,,,,,
"(Not candidate at this time)(Object Property, not a class)",has_recipient,,,,,,,recipient,,,,,,,,,,,,,,,,,,,,,,,,,,,,,,,,,,,,,,,,,
(Not candidate at this time), ,,,,,,,character,,,,,,,,,,,,,,,,,,,,,,,,,,,,,,,,,,,,,,,,,
(Not candidate at this time), ,,,,,,,claimInterpreter,,,,,,,,,,,,,,,,,,,,,,,,,,,,,,,,,,,,,,,,,
(Not candidate at this time), ,,,,,,,colorist,,,,,,,,,,,,,,,,,,,,,,,,,,,,,,,,,,,,,,,,,
(Not candidate at this time), ,,,,,,,competitor,,,,,,,,,,,,,,,,,,,,,,,,,,,,,,,,,,,,,,,,,
(Not candidate at this time), ,,,,,,,composer,,,,,,,,,,,,,,,,,,,,,,,,,,,,,,,,,,,,,,,,,
"(Not candidate at this time)(CCO Annotation Property, not a class)",contributor,,,,,,,contributor,,,,,,,,,,,,,,,,,,,,,,,,,,,,,,,,,,,,,,,,,
"(Not candidate at this time)(CCO Annotation Property, not a class)",copyright,,,,,,,copyrightHolder,,,,,,,,,,,,,,,,,,,,,,,,,,,,,,,,,,,,,,,,,
(Not candidate at this time), ,,,,,,,creator,,,,,,,,,,,,,,,,,,,,,,,,,,,,,,,,,,,,,,,,,
(Not candidate at this time), ,,,,,,,creditedTo,,,,,,,,,,,,,,,,,,,,,,,,,,,,,,,,,,,,,,,,,
customer,,,,customer,,,,customer,,,,,,Customer No,,,,,,,,Communications.Customer_support,,,,,,,,,,,,,,,,,,,,,,,,,,,
(Not candidate at this time), ,,,,,,,director,,,,,,,,,,,,,,,,,,,,,,,,,,,,,,,,,,,,,,,,,
(Not candidate at this time), ,,,,,,,editor,,,,,,,,,,,,,,,,,,,,,,,,,,,,,,,,,,,,,,,,,
(Not candidate at this time), ,,,,,,,endorsee,,,,,,,,,,,,,,,,,,,,,,,,,,,,,,,,,,,,,,,,,
(Not candidate at this time), ,,,,,,,endorsers,,,,,,,,,,,,,,,,,,,,,,,,,,,,,,,,,,,,,,,,,
(Not candidate at this time), ,,,,,,,founder,,,,,,,,,,,,,,,,,,,,,,,,,,,,,,,,,,,,,,,,,
(Not candidate at this time), ,,,,,,,illustrator,,,,,,,,,,,,,,,,,,,,,,,,,,,,,,,,,,,,,,,,,
(Not candidate at this time), ,,,,,,,inker,,,,,,,,,,,,,,,,,,,,,,,,,,,,,,,,,,,,,,,,,
ActOfTraining,ActOfTraining,,,,,,,"instructor, coach",,,,,,,,,,,,,,,,,,,,,,,,,,,,,,,,,,,,,,,,,
landlord,,,,landlord,,,,landlord,,,,,,Landlord Address Country,,,,,,,,,,,,,,,,,,,,,,,,,,,,,,,,,,,
(Not candidate at this time), ,,,,,,,legislationPassedBy,,,,,,,,,,,,,,,,,,,,,,,,,,,,,,,,,,,,,,,,,
(Not candidate at this time), ,,,,,,,legislationResponsible,,,,,,,,,,,,,,,,,,,,,,,,,,,,,,,,,,,,,,,,,
Act of Lending,,,,Act of Lending,,,,lender,,,,,,,,,,,,,,,,,,,,,,,,,,,,,,,,,,,,,,,,,
Act of Borrowing,,,,Act of Borrowing,,,,,,,,,,,,,,,,,,,,,,,,,,,,,,,,,,,,,,,,,,,,,
(Not candidate at this time), ,,,,,,,letterer,,,,,,,,,,,,,,,,,,,,,,,,,,,,,,,,,,,,,,,,,
(Not candidate at this time)(Await requirement), ,,,,,,,loser,,,,,,,,,,,,,,,,,,,,,,,,,,,,,,,,,,,,,,,,,
(Not candidate at this time)(Await requirement), ,,,,,,,winner,,,,,,,,,,,,,,,,,,,,,,,,,,,,,,,,,,,,,,,,,
(Not candidate at this time), ,,,,,,,lyricist,,,,,,,,,,,,,,,,,,,,,,,,,,,,,,,,,,,,,,,,,
(Not candidate at this time), ,,,,,,,maintainer,,,,,,,,,,,,,,,,,,,,,,,,,,,,,,,,,,,,,,,,,
(Not candidate at this time), ,,,,,,,musicBy,,,,,,,,,,,,,,,,,,,,,,,,,,,,,,,,,,,,,,,,,
(Not candidate at this time), ,,,,,,,offeredBy,,,,,,,,,,,,,,,,,,,,,,,,,,,,,,,,,,,,,,,,,
(Not candidate at this time)(Await requirement), ,,,,,,,opponent,,,,,,,,,,,,,,,,,,,,,,,,,,,,,,,,,,,,,,,,,
(Not candidate at this time), ,,,,,,,organizer,,,,organizer,,,,,,,,,,,,,,,,,,,,,,,,,,,,,,,,,,,,,
(Not candidate at this time)(Await requirements and ontology expertise), ,,,,,,,participant,,,,,,,,,,,,,,,,,,,,,,,,,,,,,,,,,,,,,,,,,
(Not candidate at this time), ,,,,,,,penciler,,,,,,,,,,,,,,,,,,,,,,,,,,,,,,,,,,,,,,,,,
(Not candidate at this time)(See agent in CCO or BFO),PerformanceSpecification,,,,,,,performer,,,,,,,,,,,,,,Interaction.Performance_data,,,,,,,,,,,,,,,,,,,,,,,,,,,
(Not candidate at this time), ,,,,,,,performerIn,,,,,,,,,,,,,,,,,,,,,,,,,,,,,,,,,,,,,,,,,
(Not candidate at this time), ,,,,,,,producer,,,,,,,,,,,,,,,,,,,,,,,,,,,,,,,,,,,,,,,,,
(Not candidate at this time), ,,,,,,,readBy,,,,,,,,,,,,,,,,,,,,,,,,,,,,,,,,,,,,,,,,,
(Not candidate at this time)(Await requirements and ontology expertise), ,,,,,,,reviewedBy,,,,,,,,,,,,,,,,,,,,,,,,,,,,,,,,,,,,,,,,,
"(Not candidate at this time)(Object Property, not a class)",has_sender,,,,,,,sender,,,,,,,,,,,,,,,,,,,,,,,,,,,,,,,,,,,,,,,,,
(Not candidate at this time), ,,,,,,,spokenByCharacter,,,,,,,,,,,,,,,,,,,,,,,,,,,,,,,,,,,,,,,,,
(Not candidate at this time), ,,,,,,,translator,,,,,,,,,,,,,,,,,,,,,,,,,,,,,,,,,,,,,,,,,
(Not candidate at this time), ,,,,,,,underName,,,,,,,,,,,,,,,,,,,,,,,,,,,,,,,,,,,,,,,,,
(Not candidate at this time), ,,,,,,,,address-use,,,,,,,,,,,,,,,,,,,,,,,,,,,,,,,,,,,,,,,,
(Not candidate at this time), ,,,,,,,,link,,,,,,,,,,,,,,,,,,,,,,,,,,,,,,,,,,,,,,,,
patient,,,,,patient,,,,patient,,,,,,,,,,,,,,,,,,,,,,,,,,,,,,,,,,,,,,,,
(Not candidate at this time), ,,,,,,,,practitioner,,,,,,,,,,,,,,,,,,,,,,,,,,,,,,,,,,,,,,,,
(Not candidate at this time), ,,,,,,,,telecom,,,,,,,,,,,,,,,,,,,,,,,,,,,,,,,,,,,,,,,,
(Not candidate at this time), ,,,,,,,,, address area,,,,,,,,,,,,,,,,,,,,,,,,,,,,,,,,,,,,,,,
(Not candidate at this time), ,,,,,,,,, thoroughfare,,,,,,,,,,,,,,,,,,,,,,,,,,,,,,,,,,,,,,,
DateIssued, ,,,,,,,,,,,,,"Date Of Issue, Issuing Authority",,,,,"Issuer. Issued at, Authorized party - the party to which the ID Token was issued",,,,,,,,,,,,,,,,,,,,,,issue_date,Date of Issue,,,,,,,
(Not candidate at this time), ,,,,,,,,,"identifies,",,,,,,,,,,,,,,,,,,,,,,,,,,,,,,,,,,,,,,,
AuthorityRole,AuthorityRole,https://www.ontologyrepository.com/CommonCoreOntologies/authorityrole,,,,,,,, issuing authority name,,,,Dataset: Local Authority,,,,,,,,,,,,,,,,,,,,,,,,,,,,,,,,,,,
(Not candidate at this time), ,,,,,,,,, issuing authority URI,,,,,,,,,,,,,,,,,,,,,,,,,,,,,,,,,,,,,,,
(Not candidate at this time), ,,,,,,,,, scheme name,,,,,,,,,,,,,,,,,,,,,,,,,,,,,,,,,,,,,,,
(Not candidate at this time), ,,,,,,,,,scheme URI.,,,,,,,,,,,,,,,,,,,,,,,,,,,,,,,,,,,,,,,
(Not candidate at this time), ,,,,,,,,,name (Juristrition),,,,,,,,,,,,,,,,,,,,,,,,,,,,,,,,,,,,,,,
Citizen,Citizen,https://www.ontologyrepository.com/CommonCoreOntologies/citizen,,,,,,,,citizenship,person:citizenship,,,,,,,,,,,,,,,,,,,,,,,,,,,,,,,,,,,,,,
CitizenRole,CitizenRole,https://www.ontologyrepository.com/CommonCoreOntologies/citizenrole,,,,,,,,,,,,,,,,,,,,,,,,,,,,,,,,,,,,,,,,,,,,,,,
CalendarSystem,CalendarSystem,,,,,,,,,,,iCalendar,,,,,,,,,,Identity.Attribute.Calendar,,,,,,,,,,,,,,,,,,,,,,,,,,,
(Not candidate at this time)(See ocurrent in BFO),EventOntology,,,,,,,,,,,event,Events,,,,,,,,,,,,,,,,,,,,,,,,,,,,,,,,,,,,
TemporalRegion,BFO: TemporalRegion,,,,,,,,,,,duration,,,,,,,,,,,,,,,,,,,,,,,,,,,,,,,,,,,,,
InformationBearingArtifact,InformationBearingArtifact,ontologyrepository.com/CommonCoreOntologies/InformationBearingArtifact, ,,,,,,,,,attach,,,,,,,,,,,,,,,,,,,,,,,,,,,,,,,,,,,,,
(Not candidate at this time), ,,,,,,,,,,,comment,,,,,,,,,,,,,,,,,,,,,,,,,,,,,,,,,,,,,
(Not candidate at this time), ,,,,,,,,,,,GPS,,,,,,,,,,,,,,,,,,,,,,,,,,,,,,,,,,,,,
(Not candidate at this time), ,,,,,,,,,,,freebusys,,,,,,,,,,,,,,,,,,,,,,,,,,,,,,,,,,,,,
TimeZoneIdentifier,TimeZoneIdentifier,,,,,,,,,,,timezones,,,,,,zoneinfo,Time zone,,,,"Timezone (e.g., UTC-05:00)",,,,,,,,,,,,,,,,,,,,,,,,,,
ActofArtifactProcessing,ActofArtifactProcessing,,,,,,"Project, currentproject, pastproject",,,,,"todos, project",Tasks,,,,,,,,,,,,,,,,,,,,,,,,,,,,,,,,,,,,
ActOfInterpersonalRelationship,ActOfInterpersonalRelationship,,,,,,,contactPoint,,,,contact,Contacts: My Contacts; All Contacts,Contact Address Country,21. Emergency contact information,,,,,,Contact Point,"Identity.Contact.Name
Identity.Contact.Email",,,,,,,,,,,,,,,,,,,,,,,,,,,
(Not candidate at this time), ,,,,,,,,,,,,Names (contact),,,,,,,,,,,,,,,,,,,,,,,,,,,,,,,,,,,,
(Not candidate at this time), ,,,,,,,,,,,,Mobile Phone,,,,,,,,,,,,,,,,,,,,,,,,,,,,,,,,,,,,
(Not candidate at this time), ,,,,,,,,,,,,,,,,,,,,,,,,,,,,,,,,,,,,,,,,,,,,,,,,
(Not candidate at this time), ,,,,,,,,,,,,Work Phone,,,,,,,,,,,,,,,,,,,,,,,,,,,,,,,,,,,,
(Not candidate at this time), ,,,,,,,,,,,,Company Phone,,,,,,,,,,,,,,,,,,,,,,,,,,,,,,,,,,,,
pager,,,,pager,,,,,,,,,Pager ,,,,,,,,,,,,,,,,,,,,,,,,,,,,,,,,,,,,
(Not candidate at this time), ,,,,,,,,,,,,Other Phone,,,,,,,,,,,,,,,,,,,,,,,,,,,,,,,,,,,,
(Not candidate at this time), ,,,,,,,,,,,,Home address,,,,,,,,,,,,,,,,,,,,,,,,,,,,,,,,,,,,
(Not candidate at this time), ,,,,,,,,,,,,Work address,,,,,,,,,,,,,,,,,,,,,,,,,,,,,,,,,,,,
(Not candidate at this time), ,,,,,,,,,,,,Other Address,,,,,,,,,,,,,,,,,,,,,,,,,,,,,,,,,,,,
(Not candidate at this time), ,,,,,,,,,,,,Compressed Size (photo),,,,,,,,,,,,,,,,,,,,,,,,,,,,,,,,,,,,
MeasurementInformationContentEntity,MeasurementInformationContentEntity,,,,,,,,,,,,Size,,,Size,,,,,,,,,,,,,,,,,,,,,,,,,,,,,,,,,
(Not candidate at this time)(Lower priority and complex),ratio_measurement_annotation,,,,,,,,,,,,Ratio,,,,,,,,,,,,,,,,,,,,,,,,,,,,,,,,,,,,
(Not candidate at this time)(Combined), ,,,,,,,,,,,,Date modified,,,,,,,,,,,,,,,,,,,,,,,,,,,,,,,,,,,,
(Not candidate at this time)(Combined), ,,,,,,,,,,,,Blocked Addresses (email),,,,,,,,,,,,,,,,,,,,,,,,,,,,,,,,,,,,
(Not candidate at this time)(Good task for later), ,,,,,,,,,,,,YouTube history,,,,,,,,,,,,,,,,,,,,,,,,,,,,,,,,,,,,
(Not candidate at this time), ,,,,,,,,,,,,MyContacts Metadata:,,,,,,,,,,,,,,,,,,,,,,,,,,,,,,,,,,,,
(Not candidate at this time), ,,,,,,,,,,,,Contact ,,,,,,,,,,,,,,,,,,,,,,,,,,,,,,,,,,,,
(Not candidate at this time), ,,,,,,,,,,,,contact-name,,,,,,,,,,,,,,,,,,,,,,,,,,,,,,,,,,,,
(Not candidate at this time), ,,,,,,,,,,,,Notes,"Notes, Notepad Content",,,,,,,,,,,,,,,,,,,,,,,,,,,,,,,,,,,
(Not candidate at this time), ,,,,,,,,,,,,,,8. Confirm password,,,,,,,,,,,,,,,,,,,,,,,,,,,,,,,,,,
(Not candidate at this time), ,,,,,,,,,,,,,,9. Checkbox (for selecting one or more options),,,,,,,,,,,,,,,,,,,,,,,,,,,,,,,,,,
(Not candidate at this time), ,,,,,,,,,,,,,,10. Radio button (for selecting only one option),,,,,,,,,,,,,,,,,,,,,,,,,,,,,,,,,,
(Not candidate at this time), ,,,,,,,,,,,,,,11. Dropdown menu (for selecting one option from a list),,,,,,,,,,,,,,,,,,,,,,,,,,,,,,,,,,
(Not candidate at this time), ,,,,,,,,,,,,,,12. Text area (for entering a larger amount of text),,,,,,,,,,,,,,,,,,,,,,,,,,,,,,,,,,
(Not candidate at this time), ,,,,,,,,,,,,,,13. Text field (for entering a single line of text),,,,,,,,,,,,,,,,,,,,,,,,,,,,,,,,,,
(Not candidate at this time), ,,,,,,,,,,,,,,15. Time field (for entering a specific time),,,,,,,,,,,,,,,,,,,,,,,,,,,,,,,,,,
DigitalFile,,,DigitalFile,,,,,,,,,,"Name (of file), Type",,16. File upload (for uploading files like images or documents),,,,,,,,,,,,,,,,,,,,,,,,,,,,,,,,,,
Signature,,,,,Signature,,,,,,,,,,18. Signature field (for signing electronically),,,,,,Signature,,,,,,,,,,,,,,,,,,,,signature_ usual_mark,"Signature / usual 
 mark",,,,,,,
ActOfRemuneration,ActOfRemuneration,,,,,,,,,,,,,Payment Frequency,Payment,,,,,,,Financial.Payment_info,,,,,,,,,,,,,,,,,,,,,,,,,,,
(Not candidate at this time)(Comprised of too many things to be covered at this time.), ,,,,,,,,,,,,,,"20. Survey questions (multiple choice, rating scales, open-ended questions, etc.)",,,,,,,,,,,,,,,,,,,,,,,,,,,,,,,,,,
(Not candidate at this time), ,,,,,,,,,,,,,,21. Emergency contact information,,,,,,,,,,,,,,,,,,,,,,,,,,,,,,,,,,
(Not candidate at this time)(Too deep for this stage. Can address later with better requirements), ,,,,,,,,,,,,,,22. Medical history,,,,,,,,,,,,,,,,,,,,,,,,,,,,,,,,,,
(Not candidate at this time)(Too deep for this stage. Can address later with better requirements), ,,,,,,,,,,,,,,23. Educational background,,,,,,,,,,,,,,,,,,,,,,,,,,,,,,,,,,
Personal Reference Role ,,,,,Personal Reference Role ,,,,,,,,,,25. References,,,,,,,,,,,,,,,,,,,,,,,,,,,,,,,,,,
Skill,Skill,,,,,,,,,,,,,Date of qualification certificate,26. Skills and qualifications,,,,,,,,,,,,,,,,,,,,,,,,,,,,,,,,,,
(Not candidate at this time)(need examples of existing  lists of hobbies to draft standard for this), ,,,,,,,,,,,,,,29. Interests or hobbies,,,,,,,,,,,,,,,,,,,,,,,,,,,,,,,,,,
Language,Langage,,,,,,,,,,,,,,30. Preferred language or communication method.,,,,,,,,,,,,,,,,,,,,,,,,,,,,,,,,,,
House ,House ,,,,,,,,,,,,,,,,,,,,,,,,,,,,,,,,,,,,,,,,,,,,,,,,
Household,,,,,Household,,,,,,,,,,,Household,,,,,,,,,,,,,,,,,,,,,,,,,,,,,,,,,
Annual Income,,,,,Annual Income,,,,,,,,,,,Total Income (annual),,,,,,,,,,,,,,,,,,,,,,,,,,,,,,,,,
(Not candidate at this time)(need examples of existing  lists.), ,,,,,,,,,,,,,Level,,Level of completed education with choices,,,,,,,,,,,,,,,,,,,,,,,,,,,,,,,,,
AcademicDegree,AcademicDegree,,,,,,,,,,,,,,,Degree,,,,,,,,,,,,,,,,,,,,,,,,,,,,,,,,,
(Not candidate at this time),,,,,,,,,,,,,,,,Profession,,,,,,,,,,,,,,,,,,,,,,,,,,,,,,,,,
ComputerSystem,Computer   ,,ComputerSystem,,,,,,,,,,,,,,,,,,,,,,,,,,,,,,,,,,,,,,,,,,,,,,
DigitalStorageDevice,DigitalStorageDevice,,,,,,,,,,,,,,,,,,,,,,,,,,,,,,,,,,,,,,,,,,,,,,,,
MACAddress,,,MediaAccessControlAddress,,,,,,,,,,,,,,,,,,,,,,,,,,,,,,,,,,,,,,,,,,,,,,
Camera,camera,,,,,,,,,,,,,,,Computer with camera,,,,,,,,,,,,,,,,,,,,,,,,,,,,,,,,,
(Not candidate at this time), ,,,,,,,,,,,,,,,Engage in creative activities,,,,,,,,,,,,,,,,,,,,,,,,,,,,,,,,,
(Not candidate at this time), ,,,,,,,,,,,,,,,Means of tranportation w examples,,,,,,,,,,,,,,,,,,,,,,,,,,,,,,,,,
(Not candidate at this time)(Can easilty be added later when needed),Train,,,,,,,,,,,,,,,,,,,,,,,,,,,,,,,,,,,,,,,,,,,,,,,,
(Not candidate at this time)(Can easilty be added later when needed), ,,,,,,,,,,,,,,,Commuter Train,,,,,,,,,,,,,,,,,,,,,,,,,,,,,,,,,
(Not candidate at this time)(Can easilty be added later when needed), ,,,,,,,,,,,,,,,Medium-Long Distance Train,,,,,,,,,,,,,,,,,,,,,,,,,,,,,,,,,
(Not candidate at this time)(Can easilty be added later when needed), ,,,,,,,,,,,,,,,High-Speed Train,,,,,,,,,,,,,,,,,,,,,,,,,,,,,,,,,
(Not candidate at this time)(Can easilty be added later when needed),Bus,,,,,,,,,,,,,,,,,,,,,,,,,,,,,,,,,,,,,,,,,,,,,,,,
(Not candidate at this time)(Can easilty be added later when needed), ,,,,,,,,,,,,,,,Metropolitan Bus,,,,,,,,,,,,,,,,,,,,,,,,,,,,,,,,,
(Not candidate at this time)(Can easilty be added later when needed), ,,,,,,,,,,,,,,,Medium-Long Distance Bus,,,,,,,,,,,,,,,,,,,,,,,,,,,,,,,,,
Frequency,Frequency,,,,,,,,,,,,,Payment Frequency,,Frequency of Driving,,,,,,,,,,,,,,,,,,,,,,,,,,,,,,,,,
(Not candidate at this time), ,,,,,,,,,,,,,,,Sports Activities,,,,,,,,,,,,,,,,,,,,,,,,,,,,,,,,,
(Not candidate at this time), ,,,,,,,,,,,,,,,Sports Club ,,,,,,,,,,,,,,,,,,,,,,,,,,,,,,,,,
(Not candidate at this time), ,,,,,,,,,,,,,,,Electronic Devices,,,,,,,,,,,,,,,,,,,,,,,,,,,,,,,,,
ActOfSocialGroupMembership,ActOfSocialGroupMembership,,,,,,,,,,,,,,27. Social media handles or links,Social Media,,,,,,,,,,,,,,,,,,,,,,,,,,,,,,,,,
(Not candidate at this time), ,,,,,,,,,,,,,,,Willingness to try new products,,,,,,,,,,,,,,,,,,,,,,,,,,,,,,,,,
(Not candidate at this time), ,,,,,,,,,,,,,,,Shopping,,,,,,,,,,,,,,,,,,,,,,,,,,,,,,,,,
(Not candidate at this time), ,,,,,,,,,,,,,,,Level of responsibililty for shopping,,,,,,,,,,,,,,,,,,,,,,,,,,,,,,,,,
(Not candidate at this time), ,,,,,,,,,,,,,,,Names of markets,,,,,,,,,,,,,,,,,,,,,,,,,,,,,,,,,
(Not candidate at this time), ,,,,,,,,,,,,,,,Level of responsibility for technology purchases,,,,,,,,,,,,,,,,,,,,,,,,,,,,,,,,,
(Not candidate at this time), ,,,,,,,,,,,,,,,Level of responsibility for tourist decisions,,,,,,,,,,,,,,,,,,,,,,,,,,,,,,,,,
(Not candidate at this time), ,,,,,,,,,,,,,,,Level of responsibility for purchase of household item decisions,,,,,,,,,,,,,,,,,,,,,,,,,,,,,,,,,
(Not candidate at this time), ,,,,,,,,,,,,,,,Buy organic products?,,,,,,,,,,,,,,,,,,,,,,,,,,,,,,,,,
(Not candidate at this time)(Math is a deep subject that will be addressed later),???,,,,,,,,,,,,,,,Percentage organic?,,,,,,,,,,,,,,,,,,,,,,,,,,,,,,,,,
(Not candidate at this time), ,,,,,,,,,,,,,,,Home renovation,,,,,,,,,,,,,,,,,,,,,,,,,,,,,,,,,
(Not candidate at this time)(Wait on requirement and more examples), ,,,,,,,,,,,,,,,Minimum shoe size,,,,,,,,,,,,,,,,,,,,,,,,,,,,,,,,,
(Not candidate at this time)(Wait on requirement and more examples), ,,,,,,,,,,,,,,,Max shoe size,,,,,,,,,,,,,,,,,,,,,,,,,,,,,,,,,
(Not candidate at this time), ,,,,,,,,,,,,,,,Sports shirts,,,,,,,,,,,,,,,,,,,,,,,,,,,,,,,,,
ArticleOfClothing,ArticleOfClothing,,,,,,,,,,,,,,,Size of sports shirts,,,,,,,,,,,,,,,,,,,,,,,,,,,,,,,,,
(Not candidate at this time), ,,,,,,,,,,,,,,,Sports pants,,,,,,,,,,,,,,,,,,,,,,,,,,,,,,,,,
(Not candidate at this time), ,,,,,,,,,,,,,,,Size of sports pants,,,,,,,,,,,,,,,,,,,,,,,,,,,,,,,,,
(Not candidate at this time), ,,,,,,,,,,,,,,,T-Shirt,,,,,,,,,,,,,,,,,,,,,,,,,,,,,,,,,
(Not candidate at this time), ,,,,,,,,,,,,,,,Tops,,,,,,,,,,,,,,,,,,,,,,,,,,,,,,,,,
(Not candidate at this time), ,,,,,,,,,,,,,,,Size of,,,,,,,,,,,,,,,,,,,,,,,,,,,,,,,,,
(Not candidate at this time), ,,,,,,,,,,,,,,,Shirt,,,,,,,,,,,,,,,,,,,,,,,,,,,,,,,,,
(Not candidate at this time), ,,,,,,,,,,,,,,,Jacket,,,,,,,,,,,,,,,,,,,,,,,,,,,,,,,,,
(Not candidate at this time), ,,,,,,,,,,,,,,,size,,,,,,,,,,,,,,,,,,,,,,,,,,,,,,,,,
(Not candidate at this time), ,,,,,,,,,,,,,,,Casual Pants,,,,,,,,,,,,,,,,,,,,,,,,,,,,,,,,,
(Not candidate at this time), ,,,,,,,,,,,,,,,size,,,,,,,,,,,,,,,,,,,,,,,,,,,,,,,,,
temperature  ,Temperature,,,,,,,,,,,,,,,,,,,,,,,,,,,,,,,,,,,,,,,,,,,,,,,,
Body termperature,,,,,Body termperature,,,,,,,,,,,Body Temperature (warm-blooded or Cold-sensitive),,,,,,,,,,,,,,,,,,,,,,,,,,,,,,,,,
(Not candidate at this time)(Need more inputs to standardize on this rather subjective quality), ,,,,,,,,,,,,,,,Body Temperature (warm-blooded or Cold-sensitive),,,,,,,,,,,,,,,,,,,,,,,,,,,,,,,,,
bodyshape,Bodyshape,,,,,,,,,,,,,,,type of foot w choices,,,,,,,,,,,,,,,,,,,,,,,,,,,,,,,,,
(Not candidate at this time), ,,,,,,,,,,,,,,,Foot problems,,,,,,,,,,,,,,,,,,,,,,,,,,,,,,,,,
(Not candidate at this time), ,,,,,,,,,,,,,,,Wear Heels,,,,,,,,,,,,,,,,,,,,,,,,,,,,,,,,,
(Not candidate at this time), ,,,,,,,,,,,,,,,Safety shoes,,,,,,,,,,,,,,,,,,,,,,,,,,,,,,,,,
eyeglasses,,,,,eyeglasses,,,,,,,,,,,glasses w choices,,,,,,,,,,,,,,,,,,,,,,,,,,,,,,,,,
(Not candidate at this time), ,,,,,,,,,,,,,,,Visual conditions,,,,,,,,,,,,,,,,,,,,,,,,,,,,,,,,,
(Not candidate at this time), ,,,,,,,,,,,,,,,Joint/Mulcular problems,,,,,,,,,,,,,,,,,,,,,,,,,,,,,,,,,
(Not candidate at this time), ,,,,,,,,,,,,,,,Nervous System problems,,,,,,,,,,,,,,,,,,,,,,,,,,,,,,,,,
Disease,Disease,,,,,,,,,,,,,,,Diseases (list),,,,,,,,,,,,,,,,,,,,,,,,,,,,,,,,,
Disability,Disability,,,,,,,,,,,,,,,Mobility limitations,,,,,,,,,,,,,,,,,,,,,,,,,,,,,,,,,
Mobility assistive devices, ,,,,Mobility assistive device,,,,,,,,,,,Mobility assistive devices,,,,,,,,,,,,,,,,,,,,,,,,,,,,,,,,,
(Not candidate at this time), ,,,,,,,,,,,,,,,Heart problems,,,,,,,,,,,,,,,,,,,,,,,,,,,,,,,,,
(Not candidate at this time), ,,,,,,,,,,,,,,,Implants or prosthetics,,,,,,,,,,,,,,,,,,,,,,,,,,,,,,,,,
Financial Institution, ,,,Financial Institution,,,,,,,,,,,,,,,,,,,,,,,,,,,,,,,,,,,,,,,,,,,,,
FinancialInstrument,FinancialInstrument,,,,,,,,,,,,,,,,,,,,Money,,,,,,,,,,,,,,,,,,,,,,,,,,,,
Credit Card,,,,Credit Card,,,,,,,,,,Dataset: Credit Card,,,,,,,,,,,,,,,,,,,,,,Credit Card,,,,,,,,,,,,,
Credit Card Number,,,,,,,,,,,,,,,,,,,,,,,,,,,,,,,,,,,,(Credit Card) Number,,,,,,,,,,,,,
Credit Card  valid thru,,,,,,,,,,,,,,,,,,,,,,,,,,,,,,,,,,,,(Credit Card) experation date,,,,,,,,,,,,,
Credit Card CVV,,,,,,,,,,,,,,,,,,,,,,,,,,,,,,,,,,,,(Credit Card) CVV,,,,,,,,,,,,,
BankAccount,,,,BankAccount,,,,,,,,,,Dataset: Bank Account:,,,,,,,,,,,,,,,,,,,,,,,,,,,,,,,,,,,
Debit Card,,,,Debit Card,,,,,,,,,,,,,,,,,,,,,,,,,,,,,,,,,,,,,,,,,,,,,
Checking Account,,,,Checking Account,,,,,,,,,,,,,,,,,,,,,,,,,,,,,,,,,,,,,,,,,,,,,
Savings Account,,,,Savings Account,,,,,,,,,,,,,,,,,,,,,,,,,,,,,,,,,,,,,,,,,,,,,
Money Market Account, ,,,Money Market Account,,,,,,,,,,,,,,,,,,,,,,,,,,,,,,,,,,,,,,,,,,,,,
Credit,,,,Credit,,,,,,,,,,Financial.Credit_info,,,,,Financial.Credit_info,,,,,,,,,,,,,,,,,,,,,,,,,,,,,,
Limit (credit),,,,Limit (credit),,,,,,,,,,Credit Limit,,,,,,,,,,,,,,,,,,,,,,,,,,,,,,,,,,,
(Not candidate at this time), ,,,,,,,,,,,,,Card Type,,,,,,,,,,,,,,,,,,,,,,,,,,,,,,,,,,,
Bank Branch,,,,Bank Branch,,,,,,,,,,Branch,,,,,,,,,,,,,,,,,,,,,,,,,,,,,,,,,,,
(Not candidate at this time)(See CCO/BFO),zero-dimensional temporal region,, ,,,,,,,,,,,Current Balance,,,,,,,,,,,,,,,,,,,,,,,,,,,,,,,,,,,
"(Not candidate at this time)(This is in CCO as an Object Property, and wil be adressed later)",has_starting_instant,,,,,,,,,,,,,Date From,,,,,,,,,,,,,,,,,,,,,,,,,,,,,,,,,,,
"(Not candidate at this time)(This is in CCO as an Object Property, and wil be adressed later)",has_ending_instant,,,,,,,,,,,,,Date To,,,,,,,,,,,,,,,,,,,,,,,,,,,,,,,,,,,
(Not candidate at this time), ,,,,,,,,,,,,,Overdraft Limit,,,,,,,,,,,,,,,,,,,,,,,,,,,,,,,,,,,
(Not candidate at this time), ,,,,,,,,,,,,,Overdraft Limit,,,,,,,,,,,,,,,,,,,,,,,,,,,,,,,,,,,
(Not candidate at this time), ,,,,,,,,,,,,,Sort Code,,,,,,,,,,,,,,,,,,,,,,,,,,,,,,,,,,,
(Not candidate at this time), ,,,,,,,,,,,,,Community Membership Preferences,,,,email,Preferred e-mail address,,,Interaction.Preferences,,,,,,,,,,,,,,,,,,,,,,,,,,,
(Not candidate at this time), ,,,,,,,,,,,,,Display Name,,,,,,,,,,,,,,,,,,,,,,,,,,,,,,,,,,,
(Not candidate at this time), ,,,,,,,,,,,,,Contact Address Country,,,,,,,,,,,,,,,,,,,,,,,,,,,,,,,,,,,
SupplierRole,,,,SupplierRole,,,,vendor,,,,,,Supplier,,,,,,,,,,,,,,,,,,,,,,,,,,,,,,,,,,,
License,,,,License,,,,,,,,,,"Dataset: Driving Licence, TV Licence Fee",,,,,,,,,,,,,,,,,,,,,,,,,,,,,,,,,,,
Drivers License,,,,,Drivers License,,,,,,,,,Dataset: Driving Licence,,Drivers License,,,,,,,,,,,,,,,,,,,,,,,,,,,,,,,,,
(Not candidate at this time)(Need examples of actual requirements and ontology expertise), ,, ,,,,,,,,,,,Expiry Alert,"19. Payment information (credit card number, expiration date, etc.)", ,,,Expire,,,,,,,,,,,,,,,,,,,,,,,,,,,,,,
(Not candidate at this time)(Need examples of actual requirements and ontology expertise), ,,,,,,,,,,,,,,,,,,,,,,,,,,,,,,,,,,,,,,,,,,,,,,,,
Notification Message,Notification Message,,,,,,,,,,,,,Expiry Alert,,,,,,,,,,,,,,,,,,,,,,,,,,,,,,,,,,,
(Not candidate at this time), ,,,,,,,,,,,,,Groups,,,,,,,,,,,,,,,,,,,,,,,,,,,,,,,,,,,
(Not candidate at this time), ,,,,,,,,,,,,,Category,,,,,,,,,,,,,,,,,,,,,,,,,,,,,,,,,,,
(Not candidate at this time)(Need examples of actual requirements and ontology expertise), ,,,,,,,,,,,,,"Valid From, TV-License-Valid-Until",,,,,,,,,,,,,,,,,,,,,,,,,,,,,,,,,,,
(Not candidate at this time)(Deep topic), ,,,,,,,,,,,,,Dataset: Education,,,,,,,,,,,,,,,,,,,,,,,,,,,,,,,,,,,
(Not candidate at this time)(See if field of education has consensus on the term 'Course.'), ,,,,,,,,,,,,,Courses,,,,,,,,,,,,,,,,,,,,,,,,,,,,,,,,,,,
(Not candidate at this time), ,,,,,,,,,,,,,Level,,,,,,,,,,,,,,,,,,,,,,,,,,,,,,,,,,,
(Not candidate at this time), ,,,,,,,,,,,,,Mode Of Study,,,,,,,,,,,,,,,,,,,,,,,,,,,,,,,,,,,
(Not candidate at this time), ,,,,,,,,,,,,,Results Attained,,,,,,,,,,,,,,,,,,,,,,,,,,,,,,,,,,,
Salary,,,,,Salary,,,,,,,,,Salary,,,,,,,,,,,,,,,,,,,,,,,,,,,,,,,,,,,
(Not candidate at this time)(Too big to address until later), ,,,,,,,,,,,,,Dataset: Health,,Body and Health,,,,,,,,,,,,,,,,,,,,,,,,,,,,,,,,,
(Not candidate at this time)Medical is a deep ontology that will be covered later.), ,,,,,,,,,,,,,GP Details Country,,,,,,,,,,,,,,,,,,,,,,,,,,,,,,,,,,,
(Not candidate at this time)(Await requirement), ,,,,,,,,,,,,,NHS Number,,,,,,,,,,,,,,,,,,,,,,,,,,,,,,,,,,,
(Not candidate at this time)(Complex), ,,,,,,,,,,,,,Social Care ID,,,,,,,,,,,,,,,,,,,,,,,,,,,,,,,,,,,
ResidentialFacility,ResidentialFacility,https://www.ontologyrepository.com/CommonCoreOntologies/residentialfacility,,,,,,homeLocation,,domicile,,,,"Dataset: Home, Propterty Type",,,,,,,,,,,,,,,,,,,,,,,,,,,,,,,,,,,
(Not candidate at this time)(Complex),???,,,,,,,,,,,,,Number of Residents,,,,,,,,,,,,,,,,,,,,,,,,,,,,,,,,,,,
ActofResiding,ActofResiding,https://www.ontologyrepository.com/CommonCoreOntologies/actofresiding,,,,,,,,,,,,,,Live (reside),,,,,,,,,,,,,,,,,,,,,,,,,,,,,,,,,
(Not candidate at this time)(Complex.  Multiple meanings.   Unique to countries and states.), ,,,,,,,,,Residency,person:residency,,,,,,,,,,,,,,,,,,,,,,,,,,,,,,,,,,,,,,
(Not candidate at this time)(Do as a house ontology when requirements surface), ,,,,,,,,,,,,,Bedrooms,,,,,,,,,,,,,,,,,,,,,,,,,,,,,,,,,,,
(Not candidate at this time)(Do as a house ontology when requirements surface), ,,,,,,,,,,,,,Floor number,,,,,,,,,,,,,,,,,,,,,,,,,,,,,,,,,,,
(Not candidate at this time)(Do as a house ontology when requirements surface), ,,,,,,,,,,,,,Floor number,,,,,,,,,,,,,,,,,,,,,,,,,,,,,,,,,,,
(Not candidate at this time)(Do as a house ontology when requirements surface), ,,,,,,,,,,,,,Habitable Rooms,,,,,,,,,,,,,,,,,,,,,,,,,,,,,,,,,,,
(Not candidate at this time)(Do as a house ontology when requirements surface), ,,,,,,,,,,,,,"Habitable Rooms, Room number",,,,,,,,,,,,,,,,,,,,,,,,,,,,,,,,,,,
(Not candidate at this time), ,,,,,,,,,,,,,National Property Gazetteer Reference,,,,,,,,,,,,,,,,,,,,,,,,,,,,,,,,,,,
(Not candidate at this time)(Do as a house ontology when requirements surface), ,,,,,,,,,,,,,Property Type,,,,,,,,,,,,,,,,,,,,,,,,,,,,,,,,,,,
(Not candidate at this time)(Do as a house ontology when requirements surface), ,,,,,,,,,,,,,Tenancy,,,,,,,,,,,,,,,,,,,,,,,,,,,,,,,,,,,
(Not candidate at this time), ,,,,,,,,,,,,,Council Tax Band,,,,,,,,,,,,,,,,,,,,,,,,,,,,,,,,,,,
(Not candidate at this time), ,,,,,,,,,,,,,Dataset: National Insurance,,,,,,,,,,,,,,,,,,,,,,,,,,,,,,,,,,,
(Not candidate at this time), ,,,,,,,,,,,,,Notepad Content,,,,,,,,,,,,,,,,,,,,,,,,,,,,,,,,,,,
(Not candidate at this time)(Will address later),??????,,,,,,,,,,,,,Notepad Last Updated,,,,,,,,,,,,,,,,,,,,,,,,,,,,,,,,,,,
(Not candidate at this time), ,,,,,,,,,,,,,Notepad Last Updated,,,,,updated_at,Time the information was last updated,,,,,,,,,,,,,,,,,,,,,,,,,,,,,
Passport,,,,,Passport,,,,,,,,,Dataset: Passport,,,,,,,,,,,,,,,,,,,,,,,,,,,,,,,,,,,
(Not candidate at this time), ,,,,,,,,,,,,,Code,,,,,,,,,,,,,,,,,,,,,,,,,,,,,,,,,,,
(Not candidate at this time), ,,,,,,,,,,,,,Type,,,,,,,,,,,,,,,,,,,,,,,,,,,,,,,,,,,
Ethnicity,Ethnicity,,,,,,,,,,,,,Race Ethnicity,,,,,,,,Identity.Sensitive.Race_and_ethnicity,,,,,,,,,,,,,,,,,,,,,,,,,,,
Marital Status,,,,,Marital Status,,,,,,,,,Marital Status,,,,,,,,,,,,,,,,,,,,,,,,,,,,,,,,,,,
Married,Married,,,,,,,,,,,,,,,,,,,,,,,,,,,,,,,,,,,,,,,,,,,,,,,,
(Not candidate at this time)(Will address later), ,,,,,,,,,,,,,Pronouns,,,,,,,,,,,,,,,,,,,,,,,,,,,,,,,,,,,
(Not candidate at this time), ,,,,,,,,,,,,,Dataset: Travel Card,,,,,,,,,,,,,,,,,,,,,,,,,,,,,,,,,,,
(Not candidate at this time)(See Radio classes as example of many aspects to this topic), ,,,,,,,,,,,,,Dataset: TV Licence,,,,,,,,,,,,,,,,,,,,,,,,,,,,,,,,,,,
(Not candidate at this time)(Await requirements), ,,,,,,,,,,,,,Payment Method,,,,,,,,,,,,,,,,,,,,,,,,,,,,,,,,,,,
(Not candidate at this time), ,,,,,,,,,,,,,TV Licence Type,,,,,,,,,,,,,,,,,,,,,,,,,,,,,,,,,,,
(Not candidate at this time)(Large topic with many potential classes.  Await requirements.), ,,,,,,,,,,,,,Dataset: Utility Account Details,,,,,,,,,,,,,,,,,,,,,,,,,,,,,,,,,,,
(Not candidate at this time), ,,,,,,,,,,,,,Tariff,,,,,,,,,,,,,,,,,,,,,,,,,,,,,,,,,,,
(Not candidate at this time), ,,,,,,,,,,,,,Billing Address Country,,,,,,[IESG],"[RFC7519, Section 4.1.1]",,,,,,,,,,,,,,,,,,,,,,,,,,,,
ActOfVolunteering,ActOfVolunteering,,,,,,,,,,,,,"Dataset: Voluntary, VolunteerRole",,,,,,[IESG],"[RFC7519, Section 4.1.2]",,,,,,,,,,,,,,,,,,,,,,,,,,,,
(Not candidate at this time)(Complex), ,,,,,,,,,,,,,Volunteer Role,,,,,,[IESG],"[RFC7519, Section 4.1.3]",,,,,,,,,,,,,,,,,,,,,,,,,,,,
(Not candidate at this time), ,,,,,,,,,,,,,CRB CRB Number,,,,,,[IESG],"[RFC7519, Section 4.1.4]",,,,,,,,,,,,,,,,,,,,,,,,,,,,
(Not candidate at this time), ,,,,,,,,,,,,,Host Organisation,,,,,,[IESG],"[RFC7519, Section 4.1.5]",,,,,,,,,,,,,,,,,,,,,,,,,,,,
(Not candidate at this time), ,,,,,,,,,,,,,Volunteering Pathway,,,,,,[IESG],"[RFC7519, Section 4.1.6]",,,,,,,,,,,,,,,,,,,,,,,,,,,,
(Not candidate at this time)(Combined and complex set of classes), ,,,,,,,,,,,,,Volunteer Hours,,,,,,,,,,,,,,,,,,,,,,,,,,,,,,,,,,,
Diagnosis,,,,,Diagnosis,,,,,,,,,,,,,,,Diagnoses,,,,,,,,,,,,,,,,,,,,,,,,,,,,,
(Not candidate at this time)(Complex), ,,,,,,,,,,,,,,,,,,,,,,,,,,,,,,,,,,,,,,,,,,,,,,,,
IssuerRole,,,,IssuerRole,,,,,,,,,,,,,,iss,Issuer,,,,,,,,,,,,,,,,,,,,,,,,,,,,,,
(Not candidate at this time), ,,,,,,,,,,,,,,,,,sub,Subject,,,,,,,,,,,,,,,,,,,,,,,,,,,,,,
(Not candidate at this time), ,,,,,,,,,,,,,,,,,aud,Audience,,,,,,,,,,,,,,,,,,,,,,,,,,,,,,
"(Not candidate at this time)(CCO Object Property, not a class)",has_ending_instant,,,,,,,,,,,,,,,,,exp,Expiration Time,,,,,,,,,,,,,,,,,,,,,,,,,,,,,,
"(Not candidate at this time)(CCO Object Property, not a class)",has_ending_instant,,,,,,,,,,,,,,,,,nbf,Not Before,,,,,,,,,,,,,,,,,,,,,,,,,,,,,,
"(Not candidate at this time)(CCO Object Property, not a class)",has_starting_instant,,,,,,,,,,,,,,,,,iat,Issued At,,,,,,,,,,,,,,,,,,,,,,,,,,,,,,
"(Not candidate at this time)(CCO Object Property, not a class)",has_ending_instant,,,,,,,,,,,,,Expire,"19. Payment information (credit card number, expiration date, etc.)",,,,Expire,,,,,,,,,,,,,,,,,,,,,,,,,,,,,,
"(Not candidate at this time)(CCO Object Property, not a class)",has_ending_instant,,,,,,,,,,,,,,,,,,,,,,,,,,,,,,,,,,,,,,,,,,,,,,,,
(Not candidate at this time)(Too hard), ,,,,,,,,,,,,,,,,,email_verified,True if the e-mail address has been verified; otherwise false,,,,,,,,,,,,,,,,,,,,,,,,,,,,,,
(Not candidate at this time), ,,,,,,,,,,,,,,,,,phone_number,Preferred telephone number, ,,,,,,,,,,,,,,,,,,,,,,,,,,,,,
(Not candidate at this time), ,,,,,,,,,,,,,,,,,phone_number_verified,True if the phone number has been verified; otherwise false,,,,,,,,,,,,,,,,,,,,,,,,,,,,,,
(Not candidate at this time), ,,,,,,,,,,,,,,,,,address,Preferred postal address, ,,,,,,,,,,,,,,,,,,,,,,,,,,,,,
AuthorityRole,,,AuthorityRole,,,,,,,,,,,,,,,azp,Authorized party - the party to which the ID Token was issued, ,,,,,,,,,,,,,,,,,,,,,,,,,,,,,
(Not candidate at this time), ,,,,,,,,,,,,,,,,,nonce,Value used to associate a Client session with an ID Token (MAY also be used for nonce values in other applications of JWTs),,,,,,,,,,,,,,,,,,,,,,,,,,,,,,
Authentication,,,Authentication,,,,,,,,,,,,,,,"auth_time, acr, amr",Time when the authentication occurred,,,,,,,,,,,,,,,,,,,,,,,,,,,,,,
(Not candidate at this time), ,,,,,,,,,,,,,,,,,at_hash,Access Token hash value, ,,,,,,,,,,,,,,,,,,,,,,,,,,,,,
(Not candidate at this time), ,,,,,,,,,,,,,,,,,c_hash,Code hash value, ,,,,,,,,,,,,,,,,,,,,,,,,,,,,,
(Not candidate at this time), ,,,,,,,,,,,,,,,,,acr,Authentication Context Class Reference, ,,,,,,,,,,,,,,,,,,,,,,,,,,,,,
(Not candidate at this time), ,,,,,,,,,,,,,,,,,amr,Authentication Methods References, ,,,,,,,,,,,,,,,,,,,,,,,,,,,,,
(Not candidate at this time), ,,,,,,,,,,,,,,,,,sub_jwk,Public key used to check the signature of an ID Token, ,,,,,,,,,,,,,,,,,,,,,,,,,,,,,
(Not candidate at this time), ,,,,,,,,,,,,,,,,,cnf,Confirmation,,,,,,,,,,,,,,,,,,,,,,,,,,,,,,
(Not candidate at this time), ,,,,,,,,,,,,,,,,,sip_from_tag,SIP From tag header field parameter value,,,,,,,,,,,,,,,,,,,,,,,,,,,,,,
(Not candidate at this time), ,,,,,,,,,,,,,,,,,sip_date,SIP Date header field value, ,,,,,,,,,,,,,,,,,,,,,,,,,,,,,
(Not candidate at this time), ,,,,,,,,,,,,,,,,,sip_callid,SIP Call-Id header field value, ,,,,,,,,,,,,,,,,,,,,,,,,,,,,,
(Not candidate at this time), ,,,,,,,,,,,,,,,,,sip_cseq_num,SIP CSeq numeric header field parameter value,,,,,,,,,,,,,,,,,,,,,,,,,,,,,,
(Not candidate at this time), ,,,,,,,,,,,,,,,,,sip_via_branch,SIP Via branch header field parameter value,,,,,,,,,,,,,,,,,,,,,,,,,,,,,,
(Not candidate at this time), ,,,,,,,,,,,,,,,,,orig,Originating Identity String,,,,,,,,,,,,,,,,,,,,,,,,,,,,,,
(Not candidate at this time), ,,,,,,,,,,,,,,,,,dest,Destination Identity String,,,,,,,,,,,,,,,,,,,,,,,,,,,,,,
(Not candidate at this time), ,,,,,,,,,,,,,,,,,mky,Media Key Fingerprint String,,,,,,,,,,,,,,,,,,,,,,,,,,,,,,
(Not candidate at this time), ,,,,,,,,,,,,,,,,,events,Security Events,,,,,,,,,,,,,,,,,,,,,,,,,,,,,,
(Not candidate at this time), ,,,,,,,,,,,,,,,,,toe,Time of Event, ,,,,,,,,,,,,,,,,,,,,,,,,,,,,,
(Not candidate at this time)(too hard for first version), ,,,,,,,,,,,,,,,,,txn,Transaction Identifier, ,,Financial.Transactions,,,,,,,,,,,,,,,,,,,,,,,,,,,
(Not candidate at this time), ,,,,,,,,,,,,,,,,,rph,Resource Priority Header Authorization,,,,,,,,,,,,,,,,,,,,,,,,,,,,,,
(Not candidate at this time), ,,,,,,,,,,,,,,,,,sid,Session ID,,,,,,,,,,,,,,,,,,,,,,,,,,,,,,
(Not candidate at this time), ,,,,,,,,,,,,,,,,,vot,Vector of Trust value, ,,,,,,,,,,,,,,,,,,,,,,,,,,,,,
(Not candidate at this time), ,,,,,,,,,,,,,,,,,vtm,Vector of Trust trustmark URL, ,,,,,,,,,,,,,,,,,,,,,,,,,,,,,
(Not candidate at this time), ,,,,,,,,,,,,,,,,,attest,Attestation level as defined in SHAKEN framework,,,,,,,,,,,,,,,,,,,,,,,,,,,,,,
(Not candidate at this time), ,,,,,,,,,,,,,,,,,origid,Originating Identifier as defined in SHAKEN framework,,,,,,,,,,,,,,,,,,,,,,,,,,,,,,
(Not candidate at this time), ,,,,,,,,,,,,,,,,,act,Actor,,,,,,,,,,,,,,,,,,,,,,,,,,,,,,
(Not candidate at this time), ,,,,,,,,,,,,,,,,,scope,Scope Values, ,,,,,,,,,,,,,,,,,,,,,,,,,,,,,
(Not candidate at this time), ,,,,,,,,,,,,,,,,,client_id,Client Identifier,,,,,,,,,,,,,,,,,,,,,,,,,,,,,,
(Not candidate at this time), ,,,,,,,,,,,,,,,,,may_act,Authorized Actor - the party that is authorized to become the actor, ,,,,,,,,,,,,,,,,,,,,,,,,,,,,,
(Not candidate at this time), ,,,,,,,,,,,,,,,,,jcard,jCard data,,,,,,,,,,,,,,,,,,,,,,,,,,,,,,
(Not candidate at this time), ,,,,,,,,,,,,,,,,,at_use_nbr,Number of API requests for which the access token can be used,,,,,,,,,,,,,,,,,,,,,,,,,,,,,,
(Not candidate at this time), ,,,,,,,,,,,,,,,,,div,Diverted Target of a Call, ,,,,,,,,,,,,,,,,,,,,,,,,,,,,,
(Not candidate at this time), ,,,,,,,,,,,,,,,,,opt,Original PASSporT (in Full Form), ,,,,,,,,,,,,,,,,,,,,,,,,,,,,,
(Not candidate at this time), ,,,,,,,,,,,,,,,,,vc,Verifiable Credential as specified in the W3C Recommendation,,,,,,,,,,,,,,,,,,,,,,,,,,,,,,
(Not candidate at this time), ,,,,,,,,,,,,,,,,,vp,Verifiable Presentation as specified in the W3C Recommendation, ,,,,,,,,,,,,,,,,,,,,,,,,,,,,,
(Not candidate at this time),  ,,,,,,,,,,,,,,,,,sph,SIP Priority header field, ,,,,,,,,,,,,,,,,,,,,,,,,,,,,,
(Not candidate at this time), ,,,,,,,,,,,,,,,,,ace_profile,The ACE profile a token is supposed to be used with.,,,,,,,,,,,,,,,,,,,,,,,,,,,,,,
(Not candidate at this time), ,,,,,,,,,,,,,,,,,cnonce,"""client-nonce"". A nonce previously provided to the AS by the RS via the client. Used to verify token freshness when the RS cannot synchronize its clock with the AS.",,,,,,,,,,,,,,,,,,,,,,,,,,,,,,
Seconds,second,,,,,,,,,,,,,,,,,exi,"""Expires in"". Lifetime of the token in seconds from the time the RS first sees it. Used to implement a weaker from of token expiration for devices that cannot synchronize their internal clocks.",,,,,,,,,,,,,,,,,,,,,,,,,,,,,,
Role,Role,,,,,,,,,,,,,,,,,roles,Roles,,,,,,,,,,,,,,,,,,,,,,,,,,,,,,
(Not candidate at this time)(Wait on requirement and more examples), ,,,,,,,,,,,,,,,,,entitlements,Entitlements, ,,,,,,,,,,,,,,,,,,,,,,,,,,,,,
(Not candidate at this time), ,,,,,,,,,,,,,,,,,token_introspection,Token introspection response, ,,,,,,,,,,,,,,,,,,,,,,,,,,,,,
(Not candidate at this time), ,,,,,,,,,,,,,,,,,ueid,"The Universal Entity ID (TEMPORARY - registered 2022-03-23, extension registered 2023-02-13, expires 2024-03-23)", ,,,,,,,,,,,,,,,,,,,,,,,,,,,,,
(Not candidate at this time), ,,,,,,,,,,,,,,,,,sueids,"Semi-permanent UEIDs (TEMPORARY - registered 2022-03-23, extension registered 2023-02-13, expires 2024-03-23)", ,,,,,,,,,,,,,,,,,,,,,,,,,,,,,
(Not candidate at this time), ,,,,,,,,,,,,,,,,,oemid,"Hardware OEM ID (TEMPORARY - registered 2022-03-23, extension registered 2023-02-13, expires 2024-03-23)", ,,,,,,,,,,,,,,,,,,,,,,,,,,,,,
(Not candidate at this time), ,,,,,,,,,,,,,,,,,hwmodel,"Model identifier for hardware (TEMPORARY - registered 2022-03-23, extension registered 2023-02-13, expires 2024-03-23)", ,,,,,,,,,,,,,,,,,,,,,,,,,,,,,
(Not candidate at this time), ,,,,,,,,,,,,,,,,,hwversion,"Hardware Version Identifier (TEMPORARY - registered 2022-03-23, extension registered 2023-02-13, expires 2024-03-23)", ,,,,,,,,,,,,,,,,,,,,,,,,,,,,,
(Not candidate at this time), ,,,,,,,,,,,,,,,,,secboot,"Indicate whether the boot was secure (TEMPORARY - registered 2022-03-23, extension registered 2023-02-13, expires 2024-03-23)", ,,,,,,,,,,,,,,,,,,,,,,,,,,,,,
(Not candidate at this time), ,,,,,,,,,,,,,,,,,dbgstat,"Indicate status of debug facilities (TEMPORARY - registered 2022-03-23, extension registered 2023-02-13, expires 2024-03-23)", ,,,,,,,,,,,,,,,,,,,,,,,,,,,,,
(Not candidate at this time), ,,,,,,,,,,,,,,,,,eat_profile,"Indicates the EAT profile followed (TEMPORARY - registered 2022-03-23, extension registered 2023-02-13, expires 2024-03-23)",,,,,,,,,,,,,,,,,,,,,,,,,,,,,,
(Not candidate at this time), ,,,,,,,,,,,,,,,,,submods,"The section containing submodules (TEMPORARY - registered 2022-03-23, extension registered 2023-02-13, expires 2024-03-23)",,,,,,,,,,,,,,,,,,,,,,,,,,,,,,
(Not candidate at this time), ,,,,,,,,,,,,,,,,,cdniv,CDNI Claim Set Version,,,,,,,,,,,,,,,,,,,,,,,,,,,,,,
(Not candidate at this time), ,,,,,,,,,,,,,,,,,cdnicrit,CDNI Critical Claims Set, ,,,,,,,,,,,,,,,,,,,,,,,,,,,,,
(Not candidate at this time), ,,,,,,,,,,,,,,,,,cdniip,CDNI IP Address, ,,,,,,,,,,,,,,,,,,,,,,,,,,,,,
(Not candidate at this time), ,,,,,,,,,,,,,,,,,cdniuc,CDNI URI Container, ,,,,,,,,,,,,,,,,,,,,,,,,,,,,,
(Not candidate at this time), ,,,,,,,,,,,,,,,,,cdniets,CDNI Expiration Time Setting for Signed Token Renewal, ,,,,,,,,,,,,,,,,,,,,,,,,,,,,,
(Not candidate at this time), ,,,,,,,,,,,,,,,,,cdnistt,CDNI Signed Token Transport Method for Signed Token Renewal, ,,,,,,,,,,,,,,,,,,,,,,,,,,,,,
(Not candidate at this time), ,,,,,,,,,,,,,,,,,cdnistd,CDNI Signed Token Depth, ,,,,,,,,,,,,,,,,,,,,,,,,,,,,,
(Not candidate at this time), ,,,,,,,,,,,,,,,,,sig_val_claims,Signature Validation Token, ,,,,,,,,,,,,,,,,,,,,,,,,,,,,,
(Not candidate at this time), ,,,,,,,,,,,,,,,,,authorization_details,The claim authorization_details contains a JSON array of JSON objects representing the rights of the access token. Each JSON object contains the data to specify the authorization requirements for a certain type of resource., ,,,,,,,,,,,,,,,,,,,,,,,,,,,,,
(Not candidate at this time), ,,,,,,,,,,,,,,,,,verified_claims,This container Claim is composed of the verification evidence related to a certain verification process and the corresponding Claims about the End-User which were verified in this process., ,,,,,,,,,,,,,,,,,,,,,,,,,,,,,
(Not candidate at this time), ,,,,,,,,,,,,,,,,,htm,The HTTP method of the request, ,,,,,,,,,,,,,,,,,,,,,,,,,,,,,
(Not candidate at this time), ,,,,,,,,,,,,,,,,,htu,The HTTP URI of the request (without query and fragment parts), ,,,,,,,,,,,,,,,,,,,,,,,,,,,,,
(Not candidate at this time), ,,,,,,,,,,,,,,,,,ath,The base64url-encoded SHA-256 hash of the ASCII encoding of the associated access token's value, ,,,,,,,,,,,,,,,,,,,,,,,,,,,,,
(Not candidate at this time), ,,,,,,,,,,,,,,,,,atc,Authority Token Challenge, ,,,,,,,,,,,,,,,,,,,,,,,,,,,,,
(Not candidate at this time), ,,,,,,,,,,,,,,,,,sub_id,Subject Identifier,,,,,,,,,,,,,,,,,,,,,,,,,,,,,,
(Not candidate at this time), ,,,,,,,,,,,,,,,,,rcd,Rich Call Data Information,,,,,,,,,,,,,,,,,,,,,,,,,,,,,,
(Not candidate at this time), ,,,,,,,,,,,,,,,,,preferred_username,Shorthand name by which the End-User wishes to be referred to,,,,,,,,,,,,,,,,,,,,,,,,,,,,,,
(Not candidate at this time), ,,,,,,,,,,,,,,,,,rcdi,Rich Call Data Integrity Information,,,,,,,,,,,,,,,,,,,,,,,,,,,,,,
(Not candidate at this time), ,,,,,,,,,,,,,,,,,crn,Call Reason,,,,,,,,,,,,,,,,,,,,,,,,,,,,,,
(Not candidate at this time), ,,,,,,,,,,,,,,,,,msgi,Message Integrity Information,,,,,,,,,,,,,,,,,,,,,,,,,,,,,,
(Not candidate at this time), ,,,,,,,,,,,,,,,,,_claim_names,JSON object whose member names are the Claim Names for the Aggregated and Distributed Claims,,,,,,,,,,,,,,,,,,,,,,,,,,,,,,
User Identifier,,,User Identifier,,,,,,,,,,,,,,,,,,,Identity.Identifier.User_ID,,,,,,,,,,,,,,,,,,,,,,,,,,,
(Not candidate at this time)(Combined class), ,,,,,,,,,,,,,,,,,,,,,Identity.Identifier.Device_ID,,,,,,,,,,,,,,,,,,,,,,,,,,,
(Not candidate at this time)(Combined class), ,,,,,,,,,,,,,,,,,,,,,Identity.Identifier.Governmental_ID,,,,,,,,,,,,,,,,,,,,,,,,,,,
IPAddress,,,Internet Protocol Address,,,,,,,,,,,,,,,,,,,Identity.Identifier.IP,,,,,,,,,,,,,,,,,,,,,,,,,,,
(Not candidate at this time), ,,,,,,,,,,,,,,,,,_claim_sources,,,,Identity.Identifier.Advertising_ID,,,,,,,,,,,,,,,,,,,,,,,,,,,
(Not candidate at this time), ,,,,,,,,,,,,,,,,,,,,,Identity.Identifier.Other,,,,,,,,,,,,,,,,,,,,,,,,,,,
(Not candidate at this time), ,,,,,,,,,,,,,,,,,,,,,Identity.Attribute.Education,,,,,,,,,,,,,,,,,,,,,,,,,,,
(Not candidate at this time), ,,,,,,,,,,,,,,,,,,,,,Identity.Attribute.Work,,,,,,,,,,,,,,,,,,,,,,,,,,,
(Not candidate at this time)(Combined class), ,,,,,,,,,,,,,,,,,,,,,Identity.Attribute.Social_graph,,,,,,,,,,,,,,,,,,,,,,,,,,,
(Not candidate at this time), ,,,,,,,,,,,,,,,,,,,,,Identity.Attribute.Fitness,,,,,,,,,,,,,,,,,,,,,,,,,,,
(Not candidate at this time)(Combined class), ,,,,,,,,,,,,,,,,,,,,,Identity.Attribute.Installed_apps,,,,,,,,,,,,,,,,,,,,,,,,,,,
(Not candidate at this time), ,,,,,,,,,,,,,,,,,,,,,Identity.Attribute.Other,,,,,,,,,,,,,,,,,,,,,,,,,,,
(Not candidate at this time), ,,,,,,,,,,,,,,,,,,,,,Identity.Sensitive.Health,,,,,,,,,,,,,,,,,,,,,,,,,,,
(Not candidate at this time), ,,,,,,,,,,,,,,,,,,,,,Identity.Sensitive.Genetic,,,,,,,,,,,,,,,,,,,,,,,,,,,
(Not candidate at this time)(will address later), ,,,,,,,,,,,,,,,,,,,,,Identity.Sensitive.Biometric,,,,,,,,,,,,,,,,,,,,,,,,,,,
(Not candidate at this time), ,,,,,,,,,,,,,,,,,,,,,Identity.Sensitive.Political_or_religious_beliefs,,,,,,,,,,,,,,,,,,,,,,,,,,,
(Not candidate at this time), ,,,,,,,,,,,,,,,,,,,,,Identity.Sensitive.Sexual_orientation,,,,,,,,,,,,,,,,,,,,,,,,,,,
(Not candidate at this time), ,,,,,,,,,,,,,,,,,,,,,Identity.Sensitive.Other,,,,,,,,,,,,,,,,,,,,,,,,,,,
(Not candidate at this time), ,,,,,,,,,,,,,,,,,,,,,Financial.Order_history,,,,,,,,,,,,,,,,,,,,,,,,,,,
FinancialValue,FinancialValue,,,,,,,,,,,,,Balance,,,,,,,,Financial.Assets,,,,,,,,,,,,,,,,,,,,,,,,,,,
(Not candidate at this time), ,,,,,,,,,,,,,,,,,,,,,Financial.Other,,,,,,,,,,,,,,,,,,,,,,,,,,,
ActOfCommunication,ActOfCommunication,,,,,,,,,,,Conversations,,,,,,,,,,Communications.Contacts,,,,,,,,,,,,,,,,,,,,,,,,,,,
EmailMessage,EmailMessage,,,,,,,,,,,,,,,,,,,,,Communications.Emails,,,,,,,,,,,,,,,,,,,,,,,,,,,
(Not candidate at this time), ,,,,,,,,,,,,,,,,,,,,,Communications.SMS,,,,,,,,,,,,,,,,,,,,,,,,,,,
TelephoneCall,TelephoneCall,,,,,,,,,,,,,,,,,,,,,Communications.Calls,,,,,,,,,,,,,,,,,,,,,,,,,,,
(Not candidate at this time), ,,,,,,,,,,,,,,,,,,,,,Communications.Other,,,,,,,,,,,,,,,,,,,,,,,,,,,
(Not candidate at this time), ,,,,,,,,,,,,,,,,,,,,,Content.Videos,,,,,,,,,,,,,,,,,,,,,,,,,,,
(Not candidate at this time), ,,,,,,,,,,,,,,,,,,,,,Content.Music,,,,,,,,,,,,,,,,,,,,,,,,,,,
(Not candidate at this time), ,,,,,,,,,,,,,,,,,,,,,Content.Other_audio,,,,,,,,,,,,,,,,,,,,,,,,,,,
(Not candidate at this time), ,,,,,,,,,,,,,,,,,,,,,Content.Other,,,,,,,,,,,,,,,,,,,,,,,,,,,
(Not candidate at this time)(Combination), ,,,,,,,,,,,,,,,,,,,,,Interaction.Web_browsing,,,,,,,,,,,,,,,,,,,,,,,,,,,
(Not candidate at this time)(later), ,,,,,,,,,,,,,,,,,,,,,Interaction.Search_history,,,,,,,,,,,,,,,,,,,,,,,,,,,
(Not candidate at this time)(later), ,,,,,,,,,,,,,,,,,,,,,Interaction.Clickstream,,,,,,,,,,,,,,,,,,,,,,,,,,,
(Not candidate at this time)(later), ,,,,,,,,,,,,,,,,,,,,,Interaction.Advertising_data,,,,,,,,,,,,,,,,,,,,,,,,,,,
(Not candidate at this time), ,,,,,,,,,,,,,,,,,,,,,Interaction.Crash_data,,,,,,,,,,,,,,,,,,,,,,,,,,,
(Not candidate at this time), ,,,,,,,,,,,,,,,,,,,,,Interaction.Other_diagnostic_data,,,,,,,,,,,,,,,,,,,,,,,,,,,
(Not candidate at this time), ,,,,,,,,,,,,,,,,,,,,,Interaction.Logs,,,,,,,,,,,,,,,,,,,,,,,,,,,
,,,,,,,,,,,,,,,,,,,,,,,Your activity from the businesses and organizations you visit off of Meta,,,,,,,,,,,,,,,,,,,,,,,,,,
,,,,,,,,,,,,,,,,,,,,,,,,,,,,,,,,,,,,,,,,,,,,,,,,,
,,,,,,,,,,,,,,,,,,,,,,,,,,,,,,,,,,,,,,,,,,,,,,,,,
Column X needs processing,,,,,,,,,,,,,,,,,,,,,,,ID,,,,,,,,,,,,,,,,,,,,,,,,,,
Column X needs processing,,,,,,,,,,,,,,,,,,,,,,,Event,,,,,,,,,,,,,,,,,,,,,,,,,,
Column X needs processing,,,,,,,,,,,,,,,,,,,,,,,PAGE_VIEW (Event),,,,,,,,,,,,,,,,,,,,,,,,,,
Column X needs processing,,,,,,,,,,,,,,,,,,,,,,,Received  on (Date and time),,,,,,,,,,,,,,,,,,,,,,,,,,
Column X needs processing,,,,,,,,,,,,,,,,,,,,,,,Connected apps and websites (Apps and websites you’ve connected to your Facebook account),,,,,,,,,,,,,,,,,,,,,,,,,,
Column X needs processing,,,,,,,,,,,,,,,,,,,,,,,Active Apps (Apps connected to your account with access to information you’ve shared),,,,,,,,,,,,,,,,,,,,,,,,,,
Column X needs processing,,,,,,,,,,,,,,,,,,,,,,,Expired Apps (Apps connected to your account but can no longer access non-public information you’ve shared),,,,,,,,,,,,,,,,,,,,,,,,,,
Column X needs processing,,,,,,,,,,,,,,,,,,,,,,,App Name,,,,,,,,,,,,,,,,,,,,,,,,,,
Column X needs processing,,,,,,,,,,,,,,,,,,,,,,,Unique ID (of App)       ,,,,,,,,,,,,,,,,,,,,,,,,,,
Column X needs processing,,,,,,,,,,,,,,,,,,,,,,,Date Added,,,,,,,,,,,,,,,,,,,,,,,,,,
Column X needs processing,,,,,,,,,,,,,,,,,,,,,,,Removed Apps,,,,,,,,,,,,,,,,,,,,,,,,,,
Column X needs processing,,,,,,,,,,,,,,,,,,,,,,,Facebook Profile information:,,,,,,,,,,,,,,,,,,,,,,,,,,
Column X needs processing,,,,,,,,,,,,,,,,,,,,,,,Name,Jim Schoening,,,,,,,,,,,,,,,,,,,,,,,,,
Column X needs processing,,,,,,,,,,,,,,,,,,,,,,,Username,jim.schoening1,,,,,,,,,,,,,,,,,,,,,,,,,
Column X needs processing,,,,,,,,,,,,,,,,,,,,,,,Profile,https://www.facebook.com/jim.schoening1,,,,,,,,,,,,,,,,,,,,,,,,,
Column X needs processing,,,,,,,,,,,,,,,,,,,,,,,Registration date,"Saturday, January 22, 2011 at 6:19 AM UTC-05:00",,,,,,,,,,,,,,,,,,,,,,,,,
Column X needs processing,,,,,,,,,,,,,,,,,,,,,,,Emails,"james.schoening@ieee.org
james.schoening@us.army.mil (Previous email)
jim.schoening1@facebook.com (Previous email)",,,,,,,,,,,,,,,,,,,,,,,,,
Column X needs processing,,,,,,,,,,,,,,,,,,,,,,,Phones,#ERROR!,,,,,,,,,,,,,,,,,,,,,,,,,
Column X needs processing,,,,,,,,,,,,,,,,,,,,,,,Birthday,"Jun 28, 1954",,,,,,,,,,,,,,,,,,,,,,,,,
Column X needs processing,,,,,,,,,,,,,,,,,,,,,,,,Male,,,,,,,,,,,,,,,,,,,,,,,,,
Column X needs processing,,,,,,,,,,,,,,,,,,,,,,,Current city,"Wall, New Jersey",,,,,,,,,,,,,,,,,,,,,,,,,
Column X needs processing,,,,,,,,,,,,,,,,,,,,,,,Hometown,"Tinton Falls, New Jersey",,,,,,,,,,,,,,,,,,,,,,,,,
Column X needs processing,,,,,,,,,,,,,,,,,,,,,,,Relationship Status,"Married to Kathy Gilligan since November 24, 1984 (Jun 06, 2015 3:54:07pm)",,,,,,,,,,,,,,,,,,,,,,,,,
Column X needs processing,,,,,,,,,,,,,,,,,,,,,,,Family,"Peg Gilligan (Daughter) (Jun 09, 2014 1:29:38pm)",,,,,,,,,,,,,,,,,,,,,,,,,
Column X needs processing,,,,,,,,,,,,,,,,,,,,,,,Education,,,,,,,,,,,,,,,,,,,,,,,,,,
,,,,,,,,,,,,,,,,,,,,,,,,SOURCE,Optional,Optional,Optional,A URL that can be used to get the latest version of this vCard.,SOURCE:http://johndoe.com/vcard.vcf,,,,,,,,,,,,ISO MDOC,18013-5,Data Model,,,,,,
,,,,,,,,,,,,,,,,,,,,,,,,TEL,Optional,Optional,Optional,The canonical number string for a telephone number for telephony communication with the vCard object.,TEL;TYPE=cell:(123) 555-5832,,,,,,,,,,,,Identifier,Name,Definition,,,,,,
DateIssued,,,,,,,,,,,,,,,,,,,,,,,,URL,Optional,Optional,Optional,A URL pointing to a website that represents the person in some way.,URL:http://www.johndoe.com,,,,,,,,,,,,issue_date,Date of Issue,Date licence document was issued,,,,,,
ExpirationDateIdentifier,,,,,,,,,,,,,,,,,,,,,,,,VERSION,Required,Required,Required,"The version of the vCard specification. In version 4.0, this must come right after the BEGIN property.",VERSION:3.0,,,,,,,,,,,,expiry_date,Date of Expiry,Date licence document expires,,,,,,
CCO: GovernmentAgency,,,,,,,,,,,,,,,,,,,,,,,,,,,,,,,,,,,,,,,,,issuing_authority,Issuing authority,"Name of licensing authority, or issuing country if separate licensing authorities have not been authorized. See 7.4.3.",,,,,,
DocumentNumber,,,,,,,,,,,,,,,,,,,,,,,,,,,,,,,,,,,,,,,,,"document_
 number",Licence number,The number assigned or calculated by the issuing authority,,,,,,
Process Number,,,,,,,,,,,,,,,,,,,,,,,,,,,,,,,,,,,,,,,,,administrative_number,Administrative number,An audit control number assigned by the licensing authority,,,,,,
Not Addressed Yet,,,,,,,,,,,,,,,,,,,,,,,,,,,,,,,,,,,,,,,,,driving_privileges,Categories of vehicles/ restrictions/ conditions,"Driving privileges the licence holder is authorized to drive. It consists of category issue date, expiry date, restriction/condition sign code, restriction/condition sign and restriction/condition value. See 7.4.4.",,,,,,
Not Addressed Yet,,,,,,,,,,,,,,,,,,,,,,,,,,,,,,,,,,,,,,,,,un_distinguishing_sign,UN distinguishing sign,"Distinguishing sign of the issuing country according to 18013-1 annex F 
 NOTE this field is added for purposes of the UN conventions on driving licences",,,,,,
CCO: EyeColor,,,,,,,,,,,,,,,,,,,,,,,,,,,,,,,,,,,,,,,,,eye_color,Eye colour,"Licence holder’s eye colour: blue, brown, black, hazel, green, grey, pink, dichromatic",,,,,,
HairColor,,,,,,,,,,,,,,,,,,,,,,,,,,,,,,,,,,,,,,,,,hair_color,Hair colour,"Licence holder’s hair colour: brown, black, blonde, grey, red, auburn, sandy, white, bald",,,,,,
Not Addressed Yet (Calculated),,,,,,,,,,,,,,,,,,,,,,,,,,,,,,,,,,,,,,,,,age_in_years,Age attestation: How old are you (in years)?,The age of the mDL Holder,,,,,,
CCO: CalendarYear,,,,,,,,,,,,,,,,,,,,,,,,,,,,,,,,,,,,,,,,,age_birth_ year,Age attestation: In what year were you born?,The year when the mDL Holder was born,,,,,,
Not Addressed Yet,,,,,,,,,,,,,,,,,,,,,,,,,,,,,,,,,,,,,,,,,age_over_NN,Age attestation: Nearest “true” attestation above request,See 7.4.5,,,,,,
CCO: GovernmentAgency,,,,,,,,,,,,,,,,,,,,,,,,,,,,,,,,,,,,,,,,,issuing_jurisdiction,Issuing jurisdiction,"Country subdivision code as defined in clause 8, ISO 3166-2. The first part of the 
 code shall be the same as the value for issuing_country. This element is intended to be 
 used in cases where the issuing jurisdiction is different from the issuing authority.",,,,,,
Not Addressed Yet,,,,,,,,,,,,,,,,,,,,,,,,,,,,,,,,,,,,,,,,,biometric_ template_xx,"Biometric template 
 XX",See 7.4.6,,,,,,
FullNameNationalCharacters,,,,,,,,,,,,,,,,,,,,,,,,,,,,,,,,,,,,,,,,,"name_nation-
 al_character","Full name of holder in full UTF-8 character 
 set",The full name of the mDL Holder in his/her national characters,,,,,,
Not Addressed Yet,,,,,,,,,,,,,,,,,,,,,,,,,,,,,,,,,,,,,,,,,online_token_ xxxx,Online token,See 7.4.8,,,,,,
,,,,,,,,,,,,,,,,,,,,,,,,,,,,,,,,,,,,,,,,,,,,,,,,,
Programming Languages:,,,,,,,,,,,,,,,,,,,,,,,,,,,,,,,,,,,,,,,,,,,,,,,Programming Languages:,,
Python,,,,,,,,,,,,,,,,,,,,,,,,,,,,,,,,,,,,,,,,,,,,,,,Python,,
SQL,,,,,,,,,,,,,,,,,,,,,,,,,,,,,,,,,,,,,,,,,,,,,,,SQL,,
JavaScript,,,,,,,,,,,,,,,,,,,,,,,,,,,,,,,,,,,,,,,,,,,,,,,JavaScript,JS,
HTML,,,,,,,,,,,,,,,,,,,,,,,,,,,,,,,,,,,,,,,,,,,,,,,HTML,HTML,
CSS,,,,,,,,,,,,,,,,,,,,,,,,,,,,,,,,,,,,,,,,,,,,,,,CSS,CSS,
Libraries/Frameworks:,,,,,,,,,,,,,,,,,,,,,,,,,,,,,,,,,,,,,,,,,,,,,,,Libraries/Frameworks:,,
Flack ,,,,,,,,,,,,,,,,,,,,,,,,,,,,,,,,,,,,,,,,,,,,,,,Flack ,,
Django,,,,,,,,,,,,,,,,,,,,,,,,,,,,,,,,,,,,,,,,,,,,,,,Django,,
FastAPI,,,,,,,,,,,,,,,,,,,,,,,,,,,,,,,,,,,,,,,,,,,,,,,FastAPI,,
NLTK,,,,,,,,,,,,,,,,,,,,,,,,,,,,,,,,,,,,,,,,,,,,,,,NLTK,,
Scikit-Learn,,,,,,,,,,,,,,,,,,,,,,,,,,,,,,,,,,,,,,,,,,,,,,,Scikit-Learn,,
Data Science:,,,,,,,,,,,,,,,,,,,,,,,,,,,,,,,,,,,,,,,,,,,,,,,Data Science:,,
TensorFlow,,,,,,,,,,,,,,,,,,,,,,,,,,,,,,,,,,,,,,,,,,,,,,,TensorFlow,,
Data Visualization,,,,,,,,,,,,,,,,,,,,,,,,,,,,,,,,,,,,,,,,,,,,,,,Data Visualization,,
Machine Learning,,,,,,,,,,,,,,,,,,,,,,,,,,,,,,,,,,,,,,,,,,,,,,,Machine Learning,,
Neural Networks,,,,,,,,,,,,,,,,,,,,,,,,,,,,,,,,,,,,,,,,,,,,,,,Neural Networks,,
NLP,,,,,,,,,,,,,,,,,,,,,,,,,,,,,,,,,,,,,,,,,,,,,,,NLP,,
Tools:,,,,,,,,,,,,,,,,,,,,,,,,,,,,,,,,,,,,,,,,,,,,,,,Tools:,,
Git/Github,,,,,,,,,,,,,,,,,,,,,,,,,,,,,,,,,,,,,,,,,,,,,,,Git/Github,,
Power BI,,,,,,,,,,,,,,,,,,,,,,,,,,,,,,,,,,,,,,,,,,,,,,,Power BI,,
Firebase,,,,,,,,,,,,,,,,,,,,,,,,,,,,,,,,,,,,,,,,,,,,,,,Firebase,,
PostgreSQL,,,,,,,,,,,,,,,,,,,,,,,,,,,,,,,,,,,,,,,,,,,,,,,PostgreSQL,,
MS Office,,,,,,,,,,,,,,,,,,,,,,,,,,,,,,,,,,,,,,,,,,,,,,,MS Office,,
Advanced Excel,,,,,,,,,,,,,,,,,,,,,,,,,,,,,,,,,,,,,,,,,,,,,,,Advanced Excel,,
Other:,,,,,,,,,,,,,,,,,,,,,,,,,,,,,,,,,,,,,,,,,,,,,,,Other:,,
Back-end Engineering,,,,,,,,,,,,,,,,,,,,,,,,,,,,,,,,,,,,,,,,,,,,,,,Back-end Engineering,,
Deep Learning,,,,,,,,,,,,,,,,,,,,,,,,,,,,,,,,,,,,,,,,,,,,,,,Deep Learning,,
Front-end Dev,,,,,,,,,,,,,,,,,,,,,,,,,,,,,,,,,,,,,,,,,,,,,,,,Front-end Dev,
Figma,,,,,,,,,,,,,,,,,,,,,,,,,,,,,,,,,,,,,,,,,,,,,,,,Figma,
SEO,,,,,,,,,,,,,,,,,,,,,,,,,,,,,,,,,,,,,,,,,,,,,,,,SEO,